description_length,word_count,title_length,has_description,fraud_keyword_count,legit_keyword_count,has_email,has_phone,has_whatsapp,has_telegram,has_instagram,has_registration_fee,has_training_fee,has_deposit,has_fee,has_urgent,has_guarantee,has_personal_email,has_disposable_email,has_corporate_email,salary_min,salary_max,salary_range,has_salary,unrealistic_salary,skill_count,has_skills,programming_count,framework_count,database_count,cloud_count,ml_count,business_count,mobile_count,is_remote,has_location,company_trust_score,recruiter_verif_score,is_internshala,is_linkedin,is_naukri,is_ncs,is_shine,mode_remote,mode_hybrid,mode_onsite,tfidf_000,tfidf_ai,tfidf_analysis,tfidf_analytics,tfidf_assist,tfidf_available time,tfidf_business,tfidf_campaigns,tfidf_candidates hired,tfidf_career,tfidf_career apply,tfidf_certificate,tfidf_certificate letter,tfidf_communication,tfidf_communication learn,tfidf_content,tfidf_creative,tfidf_data,tfidf_data science,tfidf_day,tfidf_day day,tfidf_day responsibilities,tfidf_development,tfidf_digital,tfidf_digital marketing,tfidf_duration months,tfidf_english,tfidf_english proficiency,tfidf_experience,tfidf_flexible,tfidf_flexible work,tfidf_hired,tfidf_hired apply,tfidf_home,tfidf_home job,tfidf_hours,tfidf_improve,tfidf_include,tfidf_intern,tfidf_intern day,tfidf_job,tfidf_job internship,tfidf_jul,tfidf_jul 26,tfidf_jun,tfidf_jun 26,tfidf_learn business,tfidf_learning,tfidf_letter,tfidf_letter recommendation,tfidf_limited,tfidf_machine,tfidf_machine learning,tfidf_management,tfidf_market,tfidf_marketing,tfidf_media,tfidf_month,tfidf_months,tfidf_months relevant,tfidf_ms,tfidf_office,tfidf_office internship,tfidf_opportunity,tfidf_organization,tfidf_outreach,tfidf_performance,tfidf_perks,tfidf_perks certificate,tfidf_private limited,tfidf_proficiency,tfidf_projects,tfidf_python,tfidf_recommendation,tfidf_requirements,tfidf_research,tfidf_responsibilities,tfidf_responsibilities include,tfidf_sales,tfidf_science,tfidf_selected,tfidf_selected intern,tfidf_seo,tfidf_services,tfidf_social,tfidf_social media,tfidf_strong,tfidf_support,tfidf_team,tfidf_technologies,tfidf_time,tfidf_tools,tfidf_using,tfidf_wanting start,tfidf_web,tfidf_website,tfidf_women,tfidf_work,tfidf_work home,tfidf_work hours
3615,514,47,1,0,3,0,0,0,0,0,0,0,0,0,0,0,0,0,0,72000.0,396000.0,324000.0,1,0,6,1,0,0,0,0,0,5,0,0,0,75.0,30.0,1,0,0,0,0,0,0,0,0.3046836687575712,0.0,0.11187514518192121,0.0,0.0,0.09223152863900302,0.2892376799002436,0.0663491089179337,0.0,0.04314467190812316,0.04827901648315595,0.031624500596770425,0.039602082239728734,0.04611576431950151,0.051857845195202625,0.0,0.0,0.0,0.0,0.0,0.0,0.0,0.16527867422871065,0.0,0.0,0.07595993589645846,0.17703931068198595,0.11802620712132396,0.04314467190812316,0.0,0.0,0.0,0.0,0.0,0.0,0.0,0.0,0.03428001646524972,0.03099672272585875,0.0,0.08443582014460237,0.0,0.07140845598505681,0.07140845598505681,0.06996687430200656,0.06996687430200656,0.051857845195202625,0.0,0.03877975896222979,0.03877975896222979,0.0,0.0,0.0,0.11486970371159377,0.47958652757111697,0.34596723357831477,0.21254655424474134,0.11802620712132396,0.07595993589645846,0.0965580329663119,0.0,0.09223152863900302,0.09884778102237565,0.05901310356066198,0.0,0.0,0.0,0.03099672272585875,0.031624500596770425,0.0,0.17230455556739066,0.055937572590960605,0.0,0.03877975896222979,0.04827901648315595,0.2157233595406158,0.032266076882457015,0.03498343715100328,0.14677752201972333,0.0,0.0,0.0,0.0,0.0,0.19904732675380113,0.21254655424474134,0.051857845195202625,0.0,0.04221791007230118,0.0,0.06996687430200656,0.0,0.0,0.04827901648315595,0.0,0.0,0.04827901648315595,0.06856003293049943,0.0,0.0
2214,294,48,1,0,3,0,0,0,0,0,0,0,0,0,0,0,0,0,0,12000.0,13200.0,1200.0,1,0,1,1,0,0,0,0,0,0,0,0,0,75.0,30.0,1,0,0,0,0,0,0,0,0.0,0.0,0.2534793333872627,0.0712608962785483,0.06965737372880056,0.0,0.18723876558327024,0.0,0.0,0.19550871029842476,0.07292494321738845,0.04776847330977351,0.059818525914465376,0.06965737372880056,0.07833072609413405,0.0,0.0,0.0,0.0,0.10786171668945406,0.055047171400976785,0.05736833945217515,0.12482584372218015,0.0,0.0,0.0,0.1782773361899199,0.1782773361899199,0.06516957009947491,0.06965737372880056,0.0712608962785483,0.0,0.0,0.23499217828240213,0.24087208103250524,0.06811012688615667,0.0,0.051779601912388895,0.046820221482702026,0.0561924828210014,0.2550788246362488,0.2239627899442572,0.05393085834472703,0.05393085834472703,0.052842111410369486,0.052842111410369486,0.1566614521882681,0.3293674187869977,0.05857641531059943,0.05857641531059943,0.0,0.0,0.0,0.0,0.3104615880052469,0.0746542633147524,0.0,0.08913866809495995,0.0,0.0,0.0,0.0,0.0,0.0,0.0,0.0,0.13622025377231334,0.046820221482702026,0.04776847330977351,0.0,0.17350947121072388,0.08449311112908757,0.0,0.05857641531059943,0.07292494321738845,0.06516957009947491,0.048737567496264254,0.052842111410369486,0.0,0.0,0.0561924828210014,0.0561924828210014,0.0,0.0,0.0,0.0,0.07833072609413405,0.0,0.0,0.0,0.052842111410369486,0.0,0.0,0.07292494321738845,0.0,0.08029069367750175,0.07292494321738845,0.20711840764955558,0.24087208103250524,0.0712608962785483
1731,248,36,1,0,0,0,0,0,0,0,0,0,0,0,0,0,0,0,0,0.0,0.0,0.0,0,0,7,1,0,0,1,0,4,1,0,0,0,30.0,30.0,1,0,0,0,0,0,0,0,0.0,0.24657012039340112,0.16438008026226741,0.27727400952090797,0.06775868784678424,0.0,0.12142340325537733,0.0,0.06339321052601908,0.0,0.0,0.046466424136460495,0.05818802242923474,0.06775868784678424,0.07619562630782777,0.09452877385589314,0.0,0.3387934392339212,0.0,0.10492167591953289,0.053546723112603355,0.05580462192505959,0.0,0.0,0.0,0.0,0.1734179416536696,0.1734179416536696,0.0,0.06775868784678424,0.06931850238022699,0.060711701627688665,0.060711701627688665,0.22858687892348326,0.23430651022288948,0.06625361508534473,0.0726193747135842,0.05036821940017642,0.09108803856761011,0.054660816206307215,0.1860945101319478,0.21785812414075262,0.05246083795976644,0.05246083795976644,0.05140176754524729,0.05140176754524729,0.15239125261565553,0.0,0.05697976865546756,0.05697976865546756,0.0,0.0,0.0,0.0,0.0,0.0,0.0,0.0,0.0,0.0,0.0,0.0,0.0,0.0,0.389951560072606,0.0,0.0,0.045544019283805054,0.046466424136460495,0.0,0.16878003675534894,0.08219004013113371,0.0,0.05697976865546756,0.0,0.06339321052601908,0.04740910323791807,0.05140176754524729,0.0,0.0,0.054660816206307215,0.054660816206307215,0.0,0.0,0.0,0.0,0.0,0.07619562630782777,0.06203150337731594,0.0,0.0,0.0743702371020754,0.0,0.0,0.0,0.0,0.0,0.20147287760070567,0.23430651022288948,0.06931850238022699
2896,429,54,1,0,1,0,0,0,0,1,0,0,0,0,0,0,0,0,0,240000.0,240000.0,0.0,1,0,6,1,0,0,0,0,0,5,0,0,0,75.0,30.0,1,0,0,0,0,0,0,0,0.0,0.0,0.040943959445943,0.06906369544974618,0.03375480730855772,0.03375480730855772,0.06048853231783884,0.0,0.03158009214722657,0.12632036858890627,0.035338217255708855,0.02314780942320709,0.0,0.03375480730855772,0.037957769925995706,0.04709064841743883,0.04709064841743883,0.03375480730855772,0.0,0.05226799788630876,0.026674945724416074,0.027799745241033316,0.0,0.06906369544974618,0.08407981026861745,0.027799745241033316,0.0,0.0,0.03158009214722657,0.0,0.0,0.03024426615891942,0.03024426615891942,0.0,0.0,0.0,0.0,0.02509153577726494,0.022688302324541502,0.02722994463152011,0.0,0.0,0.0,0.0,0.02560641024708749,0.02560641024708749,0.07591553985199141,0.03990149628005356,0.0,0.0,0.0,0.0,0.0,0.042039905134308726,0.1504445332754924,0.7597005585943868,0.15557517236237597,0.0,0.027799745241033316,0.035338217255708855,0.0,0.03375480730855772,0.03617621707592318,0.0,0.0,0.0,0.0,0.022688302324541502,0.02314780942320709,0.0,0.0,0.081887918891886,0.0,0.0,0.035338217255708855,0.09474027644167972,0.023617416383357438,0.02560641024708749,0.4297399855440066,0.04441638059158363,0.02722994463152011,0.02722994463152011,0.0,0.07980299256010712,0.19425907124538536,0.15557517236237597,0.037957769925995706,0.037957769925995706,0.0,0.0,0.02560641024708749,0.037048430284670045,0.0,0.035338217255708855,0.0,0.038907537690212206,0.035338217255708855,0.1254576788863247,0.0,0.0
5252,718,21,1,0,2,0,0,0,0,0,0,0,0,1,1,0,0,0,0,36000.0,60000.0,24000.0,1,0,5,1,0,1,0,0,1,2,0,0,0,75.0,30.0,1,0,0,0,0,0,0,0,0.0,0.0,0.029011173005148456,0.024467819480340984,0.0,0.02391724122032975,0.04285963789645698,0.13764383318032414,0.0,0.044752658472677384,0.025039179121218967,0.032803134477186364,0.020539018874168088,0.23917241220329752,0.026895284313344463,0.06673291819598585,0.03336645909799293,0.0,0.0,0.05555236779119153,0.018900748139312164,0.019697733917294208,0.06428945684468547,0.22021037532306886,0.20851399919130578,0.039395467834588416,0.09181875138674335,0.06121250092449557,0.022376329236338692,0.0,0.0,0.0,0.0,0.0,0.0,0.0,0.05126590131797359,0.017778810238422947,0.03215195954848502,0.01929399709543526,0.0,0.0,0.018517455930397175,0.018517455930397175,0.0,0.0,0.05379056862668893,0.08481758193952267,0.020112533387496512,0.020112533387496512,0.0,0.0,0.0,0.059575428340373084,0.0,0.2563295065898679,0.0,0.0,0.039395467834588416,0.0,0.11023404433246378,0.1435034473219785,0.05126590131797359,0.030606250462247787,0.034410958295081034,0.6861297988169824,0.046771971065855636,0.01607597977424251,0.016401567238593182,0.0,0.059575428340373084,0.05802234601029691,0.0,0.020112533387496512,0.025039179121218967,0.06712898770901608,0.016734311041334847,0.018143628700586507,0.0,0.0,0.01929399709543526,0.01929399709543526,0.37852054124589135,0.0,0.0,0.0,0.05379056862668893,0.026895284313344463,0.06568703482967651,0.0,0.036287257401173015,0.02625096436940332,0.0,0.025039179121218967,0.09181875138674335,0.027568249930135298,0.025039179121218967,0.14223048190738358,0.0,0.0
2241,341,16,1,0,0,0,0,0,0,0,0,0,0,0,0,0,0,0,0,120000.0,120000.0,0.0,1,0,3,1,0,0,0,0,0,3,0,0,0,75.0,30.0,1,0,0,0,0,0,0,0,0.15780668445010593,0.0,0.0,0.09773943074153528,0.047770042272488496,0.047770042272488496,0.08560379916881868,0.0,0.044692369980131104,0.044692369980131104,0.0,0.0,0.0,0.0,0.0,0.19992905706527028,0.0,0.0,0.0,0.07397004064349358,0.03775057203625728,0.03934239627526746,0.04280189958440934,0.2443485768538382,0.1784855141111877,0.03934239627526746,0.0,0.0,0.044692369980131104,0.0,0.0,0.04280189958440934,0.04280189958440934,0.0,0.0,0.0,0.051196838517796606,0.0355097190691923,0.06421729214609201,0.03853601041874282,0.0,0.0,0.0,0.0,0.03623837306397344,0.03623837306397344,0.05371810472384189,0.0,0.0,0.0,0.0,0.0,0.0,0.0,0.0,0.15359051555338982,0.0,0.12226007714812766,0.07868479255053493,0.0,0.0,0.047770042272488496,0.051196838517796606,0.0,0.0,0.0,0.09341792451732975,0.0,0.0,0.0,0.0,0.0,0.0,0.0,0.05001089523955348,0.044692369980131104,0.033423534866807485,0.03623837306397344,0.0,0.0,0.03853601041874282,0.03853601041874282,0.7560212354655574,0.0,0.0,0.0,0.0,0.0,0.2186618153867503,0.0,0.03623837306397344,0.05243120082570696,0.05646888002084538,0.0,0.12226007714812766,0.2753111139385277,0.0,0.0,0.0,0.0
2624,396,49,1,0,0,0,0,0,0,0,0,0,0,1,0,0,0,0,0,0.0,0.0,0.0,0,0,4,1,1,0,0,0,3,0,0,0,0,30.0,30.0,1,0,0,0,0,0,0,0,0.0,0.06823701689993204,0.06823701689993204,0.0,0.05625560859127492,0.0,0.0,0.0,0.05263123817804669,0.05263123817804669,0.05889451241946779,0.03857803407834069,0.048309710806106,0.0,0.0,0.0,0.0,0.16876682577382476,0.0784810608297906,0.0,0.0,0.0,0.35283469656027716,0.0,0.0,0.0,0.0,0.0,0.0,0.05625560859127492,0.05755062062082831,0.05040495665146817,0.05040495665146817,0.18978074101579456,0.19452937694560135,0.05500604507610794,0.06029111911476313,0.0,0.037812221634171,0.0,0.1545021052745304,0.1808733573442894,0.04355480397300788,0.04355480397300788,0.04267552704774469,0.04267552704774469,0.0,0.13299930504226695,0.04730657669096976,0.04730657669096976,0.0,0.0,0.0,0.0,0.0,0.0,0.0,0.07198878961789391,0.0,0.0,0.0,0.0,0.0,0.07198878961789391,0.24281346455459726,0.0,0.05500604507610794,0.037812221634171,0.03857803407834069,0.0,0.0,0.06823701689993204,0.6278484866383248,0.04730657669096976,0.0,0.05263123817804669,0.03936067890580083,0.0,0.0,0.07402413821416634,0.0,0.0,0.0,0.0,0.0,0.0,0.0,0.0,0.1030014035163536,0.07618291468510097,0.04267552704774469,0.12348949137607074,0.0,0.05889451241946779,0.07198878961789391,0.0,0.05889451241946779,0.25090463756525594,0.19452937694560135,0.05755062062082831
2199,309,41,1,0,1,0,0,0,0,0,0,0,0,0,1,0,0,0,0,60000.0,144000.0,84000.0,1,0,10,1,3,3,1,0,1,1,1,0,0,75.0,30.0,1,0,0,0,0,0,0,0,0.0,0.0,0.0,0.0,0.0,0.04232101710872581,0.0,0.0,0.0,0.0,0.0,0.029022202072553613,0.03634332911403089,0.0,0.0,0.0,0.0,0.04232101710872581,0.0,0.0,0.0,0.0,0.1516783187475617,0.0,0.0,0.034854694420540004,0.0,0.0,0.03959440822282743,0.0,0.0,0.0,0.0,0.0,0.0,0.0,0.0,0.031459202394694644,0.028446082422204515,0.0,0.11623172167888852,0.13607077840533,0.03276621923160126,0.03276621923160126,0.0,0.0,0.0,0.3001655837573897,0.0355886726964375,0.0355886726964375,0.2361647772559096,0.40409873579475153,0.40409873579475153,0.0,0.0,0.0,0.0,0.0,0.034854694420540004,0.044306260835669575,0.0,0.0,0.0,0.10831413518928228,0.0,0.0,0.04138097219181732,0.028446082422204515,0.029022202072553613,0.24355764802771787,0.0,0.10266922825960982,0.4723295545118192,0.0355886726964375,0.0,0.0,0.029610984701742577,0.032104740407903266,0.0,0.0,0.0,0.0,0.06088941200692947,0.05002759729289829,0.0,0.0,0.0,0.0,0.07748781445259235,0.2865615106224992,0.12841896163161307,0.0,0.05002759729289829,0.0,0.16247120278392344,0.0487813944009216,0.0,0.031459202394694644,0.0,0.0
2631,382,33,1,0,2,0,0,0,0,0,0,0,0,0,0,0,0,0,0,60000.0,120000.0,60000.0,1,0,10,1,1,4,0,0,0,1,0,0,0,30.0,30.0,1,0,0,0,0,0,0,0,0.0,0.0,0.0,0.0,0.0,0.11882787937689163,0.3194089047633412,0.0,0.1111721760423257,0.1111721760423257,0.12440199640515098,0.08148780352488569,0.10204387850655698,0.11882787937689163,0.0,0.0,0.0,0.11882787937689163,0.0,0.18400032005311728,0.09390446830139172,0.09786412773780906,0.10646963492111373,0.0,0.0,0.09786412773780906,0.0,0.0,0.0,0.11882787937689163,0.12156331388898506,0.10646963492111373,0.10646963492111373,0.0,0.0,0.11618844508096515,0.1273520278079088,0.08833035127313235,0.0798701893701393,0.0958582446208597,0.21756832179378657,0.0,0.09200016002655864,0.09200016002655864,0.09014287654797828,0.09014287654797828,0.0,0.0,0.09992497334105954,0.09992497334105954,0.0,0.0,0.0,0.1479941132725445,0.0,0.0,0.0,0.0,0.09786412773780906,0.0,0.0,0.11882787937689163,0.1273520278079088,0.0,0.0,0.0,0.11618844508096515,0.0798701893701393,0.08148780352488569,0.0,0.0,0.0,0.0,0.09992497334105954,0.12440199640515098,0.0,0.08314097247072491,0.09014287654797828,0.0,0.15636007834524723,0.0958582446208597,0.0958582446208597,0.0,0.14046621992481714,0.0,0.0,0.0,0.0,0.0,0.1609200295485781,0.09014287654797828,0.13042250144481882,0.4213986597744514,0.12440199640515098,0.1520608419927443,0.0,0.12440199640515098,0.1766607025462647,0.0,0.12156331388898506
2516,349,33,1,0,0,0,0,0,0,0,0,0,0,0,0,0,0,0,0,72000.0,84000.0,12000.0,1,0,13,1,2,2,2,0,0,4,0,0,0,75.0,30.0,1,0,0,0,0,0,0,0,0.0,0.0,0.0,0.0,0.0,0.09241444191637002,0.0,0.0,0.08646047257137143,0.0,0.0,0.0,0.0,0.0,0.0,0.0,0.0,0.09241444191637002,0.0,0.14310014602052315,0.07303108560914204,0.07611057940230113,0.24840968156302473,0.37816734151833314,0.230195025893056,0.07611057940230113,0.0,0.0,0.17292094514274287,0.0,0.0,0.08280322718767491,0.08280322718767491,0.0,0.0,0.0,0.0,0.13739200194413137,0.06211639065765926,0.07455057033898706,0.0,0.0,0.07155007301026158,0.07155007301026158,0.0,0.0,0.0,0.0,0.0,0.0,0.0,0.0,0.0,0.115097512946528,0.0,0.2971314468919489,0.0,0.0,0.07611057940230113,0.09674952655344637,0.0,0.09241444191637002,0.09904381563064964,0.0,0.0,0.0,0.0,0.0,0.0,0.0,0.0,0.0,0.38677655184311727,0.0,0.0,0.0,0.06466013372919382,0.0701056323869538,0.0,0.0,0.07455057033898706,0.07455057033898706,0.13296138452391096,0.3277288307388198,0.0,0.0,0.0,0.0,0.0,0.0,0.0701056323869538,0.0,0.3277288307388198,0.0,0.23652055264777522,0.0,0.0,0.0,0.0,0.0
2617,388,36,1,0,0,0,0,0,0,0,0,0,0,0,0,0,0,0,0,18120.0,30000.0,11880.0,1,0,5,1,0,0,0,0,0,4,0,0,0,30.0,30.0,1,0,0,0,0,0,0,0,0.0824399041929397,0.0,0.0,0.0,0.0499111646881063,0.0,0.04472034265608275,0.07180974556051527,0.0,0.046695546670360945,0.0,0.06845449406536418,0.042861396267114854,0.0998223293762126,0.056125827905091054,0.0,0.13926011112714173,0.0,0.0,0.07728548489624354,0.039442607298193315,0.04110577940288942,0.0,0.10212025345164932,0.12432366207576513,0.04110577940288942,0.06386997535519348,0.06386997535519348,0.046695546670360945,0.0499111646881063,0.0,0.0,0.0,0.16837748371527314,0.17259057385635473,0.048802525532731116,0.0,0.03710131605873748,0.03354780204971406,0.0402632501654736,0.13707753260733965,0.16047466469861785,0.03864274244812177,0.03864274244812177,0.03786262937989217,0.03786262937989217,0.056125827905091054,0.0,0.08394278896556906,0.08394278896556906,0.0,0.0,0.0,0.0,0.07415103679997109,0.5349155489953928,0.23003947195368693,0.12773995071038696,0.04110577940288942,0.052252455927562134,0.0,0.0,0.0,0.0,0.0,0.08948967261393115,0.09760505106546223,0.06709560409942812,0.03422724703268209,0.0,0.062161831037882566,0.06054132332053073,0.0,0.08394278896556906,0.052252455927562134,0.046695546670360945,0.03492162606179308,0.03786262937989217,0.0,0.0,0.0402632501654736,0.0402632501654736,0.43085847336309163,0.058999896931146434,0.21542923668154582,0.23003947195368693,0.056125827905091054,0.056125827905091054,0.0,0.0,0.0,0.0,0.0,0.0,0.0,0.0,0.0,0.14840526423494993,0.17259057385635473,0.0
2274,340,45,1,0,1,0,0,0,0,0,0,0,0,1,1,0,0,0,0,60000.0,144000.0,84000.0,1,0,13,1,3,4,1,0,2,1,1,0,0,75.0,30.0,1,0,0,0,0,0,0,0,0.0,0.06895435581204293,0.0,0.0,0.056846993427546115,0.056846993427546115,0.0,0.0,0.0,0.0,0.0,0.03898358411927692,0.04881756470957988,0.0,0.0,0.0,0.0,0.056846993427546115,0.0793060898441672,0.0,0.0,0.0,0.4074786939450042,0.0,0.0,0.04681798123030085,0.0,0.0,0.10636904393049526,0.056846993427546115,0.05815561921928686,0.0,0.0,0.0,0.0,0.05558429392588228,0.12184985418815339,0.0,0.03820972110240433,0.0,0.15612630247938483,0.1827747812822301,0.044012672108495375,0.044012672108495375,0.0,0.0,0.0,0.0,0.047803885187162595,0.047803885187162595,0.2379182695325016,0.0,0.0,0.0,0.0,0.0,0.0,0.0,0.04681798123030085,0.05951363862673205,0.0,0.0,0.0,0.0,0.0,0.0,0.05558429392588228,0.03820972110240433,0.03898358411927692,0.24536603139328103,0.0,0.0,0.0,0.047803885187162595,0.0,0.0,0.039774456469196355,0.0,0.0,0.07480231400772962,0.0,0.0,0.08178867713109368,0.06719872745967038,0.0,0.0,0.06392526782282448,0.06392526782282448,0.15612630247938483,0.461902707180055,0.17249660727883195,0.0,0.06719872745967038,0.0,0.509218982234971,0.06552478641454883,0.0,0.08451408751224566,0.0,0.05815561921928686
2024,287,47,1,0,2,0,0,0,0,0,0,0,0,0,0,0,0,0,0,120000.0,300000.0,180000.0,1,0,7,1,1,0,0,0,6,0,0,0,0,75.0,30.0,1,0,0,0,0,0,0,0,0.0,0.0,0.0,0.0,0.05510217348164136,0.0,0.04937148020072405,0.0,0.0,0.10310423046743507,0.0,0.03778705056432536,0.047319194162959266,0.0,0.0,0.0,0.07687192685596657,0.16530652044492408,0.2306157805678997,0.08532355882651636,0.04354483417677509,0.045380984433245265,0.04937148020072405,0.0,0.0,0.045380984433245265,0.0,0.0,0.051552115233717534,0.05510217348164136,0.056370633272587976,0.0,0.0,0.18588957753358415,0.19054084995526321,0.05387823035288923,0.0,0.04096003703061102,0.037036939931630444,0.0444508279743938,0.15133427619582085,0.17716482612433634,0.04266177941325818,0.04266177941325818,0.041800530714905804,0.041800530714905804,0.0,0.32568089488740193,0.04633662777674896,0.04633662777674896,0.0,0.4384487929931189,0.4384487929931189,0.0,0.0,0.0,0.0,0.0,0.045380984433245265,0.057686970627805444,0.0,0.0,0.0,0.0,0.0,0.0,0.0,0.037036939931630444,0.03778705056432536,0.0,0.0,0.06683792136012755,0.2306157805678997,0.04633662777674896,0.0,0.0,0.03855364845806686,0.041800530714905804,0.0,0.21751915984099487,0.0444508279743938,0.0444508279743938,0.0,0.0,0.0,0.0,0.061963192511194726,0.0,0.050444758731940285,0.0,0.041800530714905804,0.060478764227779314,0.0,0.0,0.0,0.0,0.0,0.24576022218366614,0.19054084995526321,0.056370633272587976
2262,346,35,1,0,0,0,0,0,0,0,0,0,0,0,0,0,0,0,0,90000.0,180000.0,90000.0,1,0,6,1,2,0,0,0,4,0,0,0,0,75.0,30.0,1,0,0,0,0,0,0,0,0.0,0.04152168768453515,0.0,0.07003819932437817,0.03423109503535018,0.0,0.0,0.0,0.03202569416661316,0.03202569416661316,0.03583684724378028,0.023474430085847018,0.02939607877587837,0.0,0.0,0.0,0.0,0.20538657021210105,0.1432653233524698,0.0,0.0,0.0,0.06134203876186382,0.035019099662189086,0.0,0.028192005737300588,0.0,0.0,0.03202569416661316,0.03423109503535018,0.035019099662189086,0.03067101938093191,0.03067101938093191,0.11548008712856438,0.11836959471495472,0.03347074547178646,0.03668667142506335,0.0,0.046016878482682766,0.0,0.09401331496099753,0.11006001427519005,0.02650275539419404,0.02650275539419404,0.025967722306031112,0.025967722306031112,0.0,0.4046451513497163,0.02878567956256764,0.02878567956256764,0.0,0.5447546386199268,0.5447546386199268,0.0,0.0,0.0,0.0,0.0,0.028192005737300588,0.03583684724378028,0.0,0.0,0.0,0.04380461185290874,0.0,0.0,0.03347074547178646,0.023008439241341383,0.023474430085847018,0.0,0.0,0.04152168768453515,0.0955102155683132,0.02878567956256764,0.0,0.03202569416661316,0.0,0.0,0.0,0.13512931636004177,0.0,0.0,0.0,0.0,0.0,0.0,0.038493362376188126,0.0,0.1566888582683292,0.0,0.0,0.0,0.0,0.03583684724378028,0.04380461185290874,0.0,0.03583684724378028,0.12722791422315258,0.11836959471495472,0.035019099662189086
2392,354,35,1,0,1,0,0,0,0,0,0,0,0,0,0,0,0,0,0,120000.0,300000.0,180000.0,1,0,9,1,1,1,0,0,7,0,0,0,0,75.0,30.0,1,0,0,0,0,0,0,0,0.0,0.0,0.03652928468013623,0.09242562613455259,0.03011528396821001,0.0,0.02698325768712261,0.0,0.028175051750772485,0.028175051750772485,0.03152796690135937,0.020651957738924948,0.02586161088253928,0.0,0.0,0.0,0.0,0.21080698777747006,0.12603966922768706,0.04663233845203798,0.023798789843001596,0.024802310809380973,0.02698325768712261,0.030808542044850867,0.0,0.024802310809380973,0.0,0.0,0.028175051750772485,0.03011528396821001,0.030808542044850867,0.02698325768712261,0.02698325768712261,0.10159521957912655,0.10413730423644117,0.029446355819747944,0.0322756115944655,0.022386106909852235,0.040483991569813596,0.02429394745230742,0.08270952693506915,0.0968268347833965,0.02331616922601899,0.02331616922601899,0.02284546639381992,0.02284546639381992,0.0,0.49838911309557254,0.025324603649091407,0.025324603649091407,0.0,0.527181052195574,0.527181052195574,0.0,0.0,0.0,0.0,0.0,0.024802310809380973,0.03152796690135937,0.0,0.0,0.0,0.0,0.0,0.0,0.029446355819747944,0.020241995784906798,0.020651957738924948,0.0,0.0,0.0,0.12603966922768706,0.025324603649091407,0.0,0.028175051750772485,0.02107093056342068,0.02284546639381992,0.0,0.11888190343926329,0.02429394745230742,0.02429394745230742,0.0,0.07119844472793894,0.0,0.0,0.0,0.0,0.027569842311689716,0.0,0.02284546639381992,0.0,0.0,0.03152796690135937,0.0,0.0,0.03152796690135937,0.08954442763940894,0.10413730423644117,0.030808542044850867
2999,436,29,1,0,2,0,0,0,0,0,0,0,0,0,1,0,0,0,0,120000.0,204000.0,84000.0,1,0,6,1,0,0,0,1,1,2,0,0,0,30.0,30.0,1,0,0,0,0,0,0,0,0.4341389501741489,0.3985228210451372,0.0,0.0,0.0,0.06570962464048824,0.23550297398092676,0.0,0.061476161962275296,0.0,0.0,0.04506125170689015,0.05642838186363708,0.26283849856195296,0.07389142504139992,0.0,0.0,0.0,0.0,0.1017487817490353,0.05192743821151651,0.054117056814789746,0.11775148699046338,0.06722226945045068,0.0,0.054117056814789746,0.0,0.0,0.0,0.0,0.0,0.05887574349523169,0.05887574349523169,0.0,0.0,0.0,0.0,0.04884505435050901,0.04416674092811581,0.05300784046439625,0.12031126730273764,0.0,0.05087439087451765,0.05087439087451765,0.04984734738212803,0.04984734738212803,0.0,0.07767522768501879,0.055256666405920134,0.055256666405920134,0.09167016725355798,0.0,0.0,0.0,0.19524436367201103,0.14084664286435256,0.0,0.1681736794808598,0.054117056814789746,0.0,0.0,0.06570962464048824,0.07042332143217628,0.0,0.09453979797499804,0.11781598032038838,0.0,0.04416674092811581,0.04506125170689015,0.09453979797499804,0.0,0.0,0.0,0.055256666405920134,0.06879200850149575,0.4303331337359271,0.045975423629068965,0.04984734738212803,0.10457048711972072,0.0,0.05300784046439625,0.05300784046439625,0.0,0.07767522768501879,0.0,0.0,0.14778285008279984,0.07389142504139992,0.0,0.0889858069858786,0.04984734738212803,0.14424247339179877,0.0,0.0,0.0,0.0,0.0,0.0,0.0,0.0
2768,404,71,1,0,1,0,0,0,0,0,0,0,0,0,0,0,0,0,0,120000.0,144000.0,24000.0,1,0,5,1,0,0,0,0,1,3,0,0,0,60.0,30.0,1,0,0,0,0,0,0,0,0.45369331832130977,0.41647297722125487,0.08329459544425097,0.1405001531414318,0.06866929962591961,0.06866929962591961,0.06152760867061334,0.0,0.06424515447677463,0.06424515447677463,0.0718905193798246,0.04709088831216353,0.0,0.0,0.0,0.2873974497495758,0.09579914991652527,0.0,0.0,0.10633172261634898,0.054266339716022446,0.056554582523028384,0.0,0.0702500765707159,0.0855241392884856,0.056554582523028384,0.0,0.0,0.06424515447677463,0.06866929962591961,0.0702500765707159,0.06152760867061334,0.06152760867061334,0.0,0.0,0.06714400013004095,0.0,0.051045119962117455,0.04615608722294195,0.05539540515240912,0.0,0.0,0.05316586130817449,0.05316586130817449,0.05209255800301,0.05209255800301,0.0,0.0,0.0,0.0,0.0,0.0,0.0,0.0855241392884856,0.20403850703180212,0.07359530946245603,0.0,0.17574851246903608,0.056554582523028384,0.0,0.0,0.06866929962591961,0.07359530946245603,0.0,0.0,0.0,0.0,0.04615608722294195,0.04709088831216353,0.0,0.0,0.0,0.0,0.0,0.1437810387596492,0.3212257723838731,0.04804623611664666,0.05209255800301,0.0,0.0,0.05539540515240912,0.05539540515240912,0.09879803376199608,0.16234770819638783,0.0,0.0,0.0,0.0,0.12573029457993887,0.0,0.05209255800301,0.22610910528673125,0.16234770819638783,0.0718905193798246,0.0,0.0,0.0718905193798246,0.10209023992423491,0.0,0.0702500765707159
2673,385,42,1,0,0,0,0,0,0,1,0,0,0,0,0,0,0,0,0,18000.0,18000.0,0.0,1,0,3,1,0,0,0,0,1,1,0,0,0,75.0,30.0,1,0,0,0,0,0,0,0,0.39048856967370393,0.0,0.14338138175330348,0.0,0.0,0.0,0.10591219634500271,0.17006864034516728,0.05529505828502204,0.05529505828502204,0.06187533506024934,0.04053058063477586,0.05075480583830206,0.29551434315404695,0.13292406435310022,0.0,0.08245321567722023,0.059102868630809394,0.0,0.09151847866975499,0.046706408319043595,0.0486758723263162,0.0,0.12092684997463217,0.07360963336842416,0.0,0.15126470345704363,0.15126470345704363,0.05529505828502204,0.059102868630809394,0.060463424987316085,0.052956098172501354,0.052956098172501354,0.1993860965296503,0.2043750747411213,0.05779006107024519,0.0,0.04393394188960365,0.03972600819449796,0.047678181826649915,0.1623219063821545,0.19002788425243322,0.045759239334877494,0.045759239334877494,0.04483545964596675,0.04483545964596675,0.06646203217655011,0.0,0.04970090018674759,0.04970090018674759,0.0,0.0,0.0,0.07360963336842416,0.0,0.1266852561682888,0.0,0.0,0.0,0.0,0.27240383540918267,0.059102868630809394,0.0,0.0,0.08503432017258364,0.0,0.05779006107024519,0.03972600819449796,0.04053058063477586,0.0,0.14721926673684832,0.0,0.0,0.04970090018674759,0.06187533506024934,0.0,0.041352837394240255,0.04483545964596675,0.0,0.0,0.047678181826649915,0.047678181826649915,0.0,0.0,0.17006864034516728,0.0,0.0,0.13292406435310022,0.10821460425476966,0.0,0.0896709192919335,0.0,0.0,0.06187533506024934,0.0,0.0,0.06187533506024934,0.3514715351168292,0.2043750747411213,0.060463424987316085
2652,405,36,1,0,3,0,0,0,0,1,0,0,0,0,0,0,0,0,0,300000.0,420000.0,120000.0,1,0,6,1,0,0,0,0,0,5,0,0,0,75.0,30.0,1,0,0,0,0,0,0,0,0.30172332206296465,0.0,0.0,0.0,0.0,0.0,0.1227546036298915,0.0,0.0,0.0,0.0,0.03131723277965377,0.03921730318761879,0.04566769747355213,0.05135398753443911,0.12742016069609083,0.12742016069609083,0.04566769747355213,0.0,0.070714642012341,0.0360891810262894,0.0,0.08183640241992768,0.1401569228957618,0.1706304217891689,0.03761094957243219,0.11687944893256601,0.058439724466283004,0.0,0.04566769747355213,0.04671897429858726,0.0,0.0,0.1540619626033173,0.15791685413297876,0.04465331526325133,0.0,0.0,0.0,0.0,0.1254231458763115,0.14683104442506748,0.0353573210061705,0.0353573210061705,0.034643533463489425,0.034643533463489425,0.05135398753443911,0.0,0.03840296971149768,0.03840296971149768,0.0,0.0,0.0,0.0,0.0,0.6362678591752924,0.14032094926795752,0.175319173398849,0.11283284871729657,0.04780993119398515,0.0,0.0,0.0,0.0,0.0,0.0,0.04465331526325133,0.030695554481301002,0.03131723277965377,0.0,0.05687680726305631,0.0,0.0,0.03840296971149768,0.04780993119398515,0.042725472587746324,0.0,0.0,0.07267570613244492,0.0,0.0,0.0,0.2628178089133499,0.0,0.13140890445667494,0.14032094926795752,0.10270797506887822,0.05135398753443911,0.0,0.0,0.0,0.0,0.053983702060641715,0.0,0.0,0.05263895137765959,0.0,0.16973473652928192,0.15791685413297876,0.04671897429858726
3292,462,50,1,0,3,0,0,0,0,0,0,0,0,0,0,0,0,0,0,60000.0,96000.0,36000.0,1,0,7,1,0,0,0,0,1,4,0,0,0,75.0,30.0,1,0,0,0,0,0,0,0,0.0,0.11774124768305201,0.0,0.04965107052354932,0.0,0.04853381526349172,0.1739449570093948,0.0,0.04540693550008683,0.04540693550008683,0.05081049618656502,0.03328271129000406,0.04167859238234083,0.04853381526349172,0.05457697851930392,0.0,0.0,0.09706763052698344,0.0,0.0751527132244523,0.03835414837708921,0.039971423553597944,0.0869724785046974,0.04965107052354932,0.06044641199791336,0.039971423553597944,0.12421483666605025,0.062107418333025126,0.04540693550008683,0.0,0.0,0.0434862392523487,0.0434862392523487,0.0,0.0,0.0,0.052015400960375116,0.03607746745401592,0.0326220162833629,0.039152144768613506,0.08886315898675409,0.0,0.03757635661222615,0.03757635661222615,0.036817771558667715,0.036817771558667715,0.10915395703860784,0.11474346936663153,0.040813151103725284,0.040813151103725284,0.0,0.0,0.0,0.06044641199791336,0.0,0.052015400960375116,0.0,0.062107418333025126,0.039971423553597944,0.0,0.0,0.04853381526349172,0.052015400960375116,0.12421483666605025,0.06982808249279157,0.43510056975988376,0.14236731040430928,0.0326220162833629,0.03328271129000406,0.0,0.06044641199791336,0.0,0.0,0.040813151103725284,0.05081049618656502,0.18162774200034731,0.033957928222574395,0.036817771558667715,0.6951316886201192,0.0,0.039152144768613506,0.039152144768613506,0.0,0.11474346936663153,0.0,0.0,0.05457697851930392,0.0,0.08886315898675409,0.0,0.07363554311733543,0.1065389978264022,0.057371734683315766,0.05081049618656502,0.0,0.0,0.05081049618656502,0.03607746745401592,0.0,0.0
2667,376,53,1,0,2,0,0,0,0,0,0,0,0,0,0,0,0,0,0,12000.0,18000.0,6000.0,1,0,1,1,0,0,0,0,0,1,0,0,0,75.0,30.0,1,0,0,0,0,0,0,0,0.0,0.0,0.3068644750153307,0.0,0.0,0.0,0.0,0.0,0.0,0.0,0.0,0.05782896494402753,0.07241687243546999,0.0,0.0,0.0,0.0,0.0,0.0,0.13057841293748987,0.06664062559779671,0.06945065356313433,0.0,0.17253822813420333,0.21005220457922316,0.0,0.0,0.0,0.15778979412887367,0.08432787452371128,0.08626911406710167,0.0,0.0,0.28448375044117846,0.2916020162439173,0.08245476288284367,0.0,0.06268487511395067,0.11336200465258779,0.06802715041991295,0.3088008342279449,0.27113146875060684,0.06528920646874493,0.06528920646874493,0.0639711591472075,0.0639711591472075,0.0,0.19936765396729858,0.07091316160716364,0.07091316160716364,0.0,0.0,0.0,0.0,0.12528257687725594,0.18075431250040455,0.0,0.10791211347686225,0.0,0.0,0.0,0.0,0.0,0.10791211347686225,0.0,0.0,0.08245476288284367,0.056681002326293896,0.05782896494402753,0.0,0.0,0.0,0.0,0.07091316160716364,0.0,0.07889489706443684,0.059002159518922355,0.0639711591472075,0.0,0.0,0.06802715041991295,0.06802715041991295,0.0,0.09968382698364929,0.0,0.0,0.0,0.0,0.15440041711397245,0.0,0.127942318294415,0.0,0.0,0.0,0.0,0.09720067208130577,0.0,0.2507395004558027,0.2916020162439173,0.08626911406710167
3210,474,48,1,0,0,0,0,0,0,1,0,0,0,0,0,0,0,0,0,0.0,0.0,0.0,0,0,7,1,0,0,0,0,0,6,0,0,0,30.0,30.0,1,0,0,0,0,0,0,0,0.0,0.0,0.0,0.0,0.024990505837126618,0.0,0.022391462735219553,0.07191023799211295,0.02338044681837596,0.02338044681837596,0.026162789688879275,0.017137572767618577,0.021460688811695428,0.024990505837126618,0.02810218592654843,0.17431874420028584,0.13945499536022868,0.0,0.0,0.0,0.0,0.0,0.022391462735219553,0.05113158159942591,0.06224882192616383,0.0,0.0639593566652013,0.0639593566652013,0.02338044681837596,0.024990505837126618,0.025565790799712954,0.022391462735219553,0.022391462735219553,0.08430655777964528,0.08641605080432178,0.0244354105301587,0.0,0.0,0.016797374859615938,0.0,0.06863468124154906,0.08034961856575148,0.019348410055085162,0.019348410055085162,0.018957807665679168,0.018957807665679168,0.02810218592654843,0.0,0.021015065173670803,0.021015065173670803,0.0,0.0,0.0,0.031124410963081914,0.0,0.5624473299602604,0.42232922452037197,0.0639593566652013,0.0,0.0,0.0,0.0,0.0,0.0639593566652013,0.035955118996056475,0.0,0.0244354105301587,0.016797374859615938,0.017137572767618577,0.0,0.06224882192616383,0.03031302321401502,0.0,0.021015065173670803,0.0,0.0,0.0,0.0,0.0,0.0,0.0,0.0,0.07191023799211295,0.0,0.3955063089566212,0.42232922452037197,0.0,0.02810218592654843,0.022878227080516355,0.0,0.018957807665679168,0.0,0.0,0.026162789688879275,0.0,0.0,0.15697673813327565,0.07430647321695566,0.08641605080432178,0.025565790799712954
2620,374,48,1,0,3,0,0,0,0,0,0,0,0,1,0,0,0,0,0,30000.0,96000.0,66000.0,1,0,6,1,1,1,2,0,2,0,0,0,0,30.0,30.0,1,0,0,0,0,0,0,0,0.0,0.25803187768763913,0.0,0.07254075757081775,0.14181687081030656,0.0,0.0,0.0,0.06634002984051057,0.19902008952153172,0.07423469115684819,0.048626405544319226,0.0,0.0,0.0,0.0,0.0,0.14181687081030656,0.09892292291795102,0.10979893672621809,0.05603583064614882,0.058398687383523246,0.2541354863859402,0.07254075757081775,0.0,0.058398687383523246,0.0,0.0,0.0,0.07090843540515328,0.07254075757081775,0.06353387159648505,0.06353387159648505,0.2392126892312697,0.24519819632155326,0.06933339967060793,0.0,0.052709574894453916,0.047661122906913156,0.05720171210992301,0.19474507211212355,0.22798521066484273,0.0,0.0,0.05379116729554337,0.05379116729554337,0.0,0.08382073242722458,0.0,0.0,0.0,0.0,0.0,0.0,0.10534584868961885,0.0,0.0,0.0,0.058398687383523246,0.07423469115684819,0.21787695718443298,0.0,0.0,0.0907396180815171,0.0,0.0,0.06933339967060793,0.047661122906913156,0.048626405544319226,0.0,0.0,0.0,0.39569169167180407,0.0,0.07423469115684819,0.0,0.04961290487448098,0.05379116729554337,0.0,0.09330511133774218,0.05720171210992301,0.05720171210992301,0.0,0.08382073242722458,0.0,0.0,0.0,0.0,0.19474507211212355,0.0960261815701452,0.0,0.0,0.08382073242722458,0.07423469115684819,0.1814792361630342,0.0,0.07423469115684819,0.21083829957781566,0.24519819632155326,0.07254075757081775
2091,313,39,1,0,0,0,0,0,0,0,0,0,0,1,0,0,0,0,0,144000.0,180000.0,36000.0,1,0,15,1,4,3,3,2,0,0,0,0,0,75.0,30.0,1,0,0,0,0,0,0,0,0.0,0.0,0.0,0.0,0.0,0.0,0.0,0.0,0.07717437655060824,0.0,0.0,0.05656784509747508,0.07083762308971353,0.0,0.0,0.0,0.0,0.0,0.0,0.1277307910191972,0.06518734322261678,0.06793609078911128,0.2217297885798205,0.0,0.0,0.06793609078911128,0.0,0.0,0.0,0.0,0.0,0.07390992952660683,0.07390992952660683,0.371039731693425,0.285242831182662,0.0,0.17681246690339553,0.06131785877254839,0.055444916966209,0.06654363105237805,0.22654993618014188,0.26521870035509326,0.0638653955095986,0.0638653955095986,0.06257609183992308,0.06257609183992308,0.0,0.0,0.06936670481736748,0.06936670481736748,0.0,0.0,0.0,0.0,0.0,0.0,0.0,0.0,0.06793609078911128,0.08635835742356394,0.0,0.0,0.0,0.0,0.0,0.0,0.08065660969066778,0.055444916966209,0.05656784509747508,0.0,0.0,0.0,0.11507855696041377,0.06936670481736748,0.08635835742356394,0.0,0.05771545493358546,0.06257609183992308,0.0,0.0,0.06654363105237805,0.06654363105237805,0.0,0.0,0.0,0.0,0.0,0.09275993292335626,0.22654993618014188,0.11170873321926181,0.06257609183992308,0.09053771901831466,0.1950198931968591,0.0,0.0,0.285242831182662,0.0,0.3679071526352904,0.285242831182662,0.0
2242,305,35,1,1,1,0,0,1,0,0,0,0,0,0,0,0,0,0,0,228000.0,270000.0,42000.0,1,0,8,1,0,0,0,0,1,6,0,0,0,75.0,30.0,1,0,0,0,0,0,0,0,0.10368709246754625,0.22843380947722236,0.0,0.12843964662633905,0.0,0.0627747399616922,0.05624609040434474,0.0,0.0,0.05873036259359204,0.06571945082247584,0.04304861538511094,0.05390803885016022,0.2510989598467688,0.0,0.08757576904557668,0.0,0.0,0.0,0.097204227701204,0.04960812740050628,0.05169994787867512,0.0,0.19265946993950858,0.15636552676462015,0.05169994787867512,0.0,0.0,0.05873036259359204,0.0,0.0,0.05624609040434474,0.05624609040434474,0.0,0.0,0.0,0.06727790204754215,0.046663416539722634,0.04219405744420482,0.05064027407383795,0.0,0.0,0.048602113850602,0.048602113850602,0.0,0.0,0.0,0.0,0.052788657426666975,0.052788657426666975,0.0,0.0,0.0,0.15636552676462015,0.0,0.6727790204754215,0.1928849403142173,0.16066229347027816,0.05169994787867512,0.06571945082247584,0.0,0.0627747399616922,0.06727790204754215,0.0,0.0,0.11255379357907822,0.0,0.04219405744420482,0.04304861538511094,0.0,0.0,0.0,0.0,0.052788657426666975,0.06571945082247584,0.17619108778077613,0.043921956315135006,0.04762094269771763,0.09989990313478643,0.0,0.05064027407383795,0.05064027407383795,0.0,0.0,0.18063445854032864,0.1928849403142173,0.07059110469358307,0.0,0.0,0.0,0.04762094269771763,0.0,0.0,0.06571945082247584,0.0,0.0723574138263143,0.06571945082247584,0.0,0.0,0.0
3657,521,32,1,0,1,0,0,0,0,0,0,0,0,1,1,0,0,0,0,119988.0,120000.0,12.0,1,0,8,1,1,0,0,3,2,0,0,0,0,93.0,30.0,1,0,0,0,0,0,0,0,0.0,0.4543915517155365,0.0,0.0958076605416362,0.2809553499163524,0.09365178330545079,0.0,0.0,0.08761809597972196,0.0,0.0,0.06422295977819018,0.0,0.0,0.0,0.0,0.0,0.09365178330545079,0.13065170720690414,0.14501612072948616,0.0740089023122442,0.07712962759529471,0.08391188356241648,0.0,0.0,0.07712962759529471,0.0,0.0,0.08761809597972196,0.0,0.0,0.08391188356241648,0.08391188356241648,0.0,0.0,0.0,0.0,0.1392315500386595,0.06294806998728812,0.07554873149591405,0.17147206054343447,0.0,0.07250806036474308,0.07250806036474308,0.07104428005674722,0.07104428005674722,0.0,0.0,0.0,0.0,0.13065170720690414,0.0,0.0,0.0,0.0,0.0,0.0,0.0,0.07712962759529471,0.09804491059836525,0.0,0.09365178330545079,0.10036991802190998,0.0,0.0,0.0,0.2747147000782686,0.06294806998728812,0.06422295977819018,0.13474161086959185,0.0,0.0,0.3919551216207124,0.0,0.09804491059836525,0.0,0.06552587135664205,0.07104428005674722,0.0,0.24646404954122403,0.07554873149591405,0.07554873149591405,0.0,0.0,0.0,0.0,0.10531278734233122,0.21062557468466245,0.08573603027171724,0.12682585783585829,0.07104428005674722,0.0,0.0,0.0,0.11984366882775722,0.10794789184853754,0.0,0.06961577501932975,0.0,0.0
1523,214,53,1,0,0,0,0,0,0,0,0,0,0,0,0,0,0,0,0,12000.0,13200.0,1200.0,1,0,1,1,0,0,0,0,0,0,0,0,0,30.0,30.0,1,0,0,0,0,0,0,0,0.0,0.0,0.3252336775009071,0.09143326617193787,0.08937582216322525,0.0,0.16016125519350993,0.0,0.0836176214501219,0.0836176214501219,0.09356836767398521,0.06129066238077081,0.07675181603906844,0.08937582216322525,0.10050440707917545,0.0,0.0,0.0,0.0,0.1383949622704621,0.07062979751256546,0.07360803645339263,0.0,0.0,0.0,0.0,0.0,0.0,0.0,0.0,0.0,0.08008062759675497,0.08008062759675497,0.30151322123752633,0.3090575932745242,0.0,0.0,0.06643725200180549,0.060073981617119604,0.07209932104350082,0.24546446177816358,0.2873616591284367,0.06919748113523105,0.06919748113523105,0.06780053423389154,0.06780053423389154,0.2010088141583509,0.0,0.07515809163495299,0.07515809163495299,0.0,0.0,0.0,0.0,0.2655642247447797,0.0,0.0,0.11437183633335761,0.0,0.0,0.0,0.0,0.0,0.0,0.0,0.0,0.0,0.060073981617119604,0.06129066238077081,0.0,0.0,0.0,0.0,0.07515809163495299,0.0,0.25085286435036575,0.06253408551079619,0.06780053423389154,0.0,0.0,0.07209932104350082,0.07209932104350082,0.0,0.0,0.0,0.0,0.0,0.0,0.0,0.0,0.06780053423389154,0.0,0.0,0.09356836767398521,0.0,0.10301919775817474,0.09356836767398521,0.19931175600541648,0.3090575932745242,0.0
2891,424,26,1,1,0,0,0,1,0,0,0,0,0,0,1,0,0,0,0,84000.0,120000.0,36000.0,1,0,7,1,1,0,1,0,3,1,0,0,0,75.0,30.0,1,0,0,0,0,0,0,0,0.0,0.0,0.15064063342053258,0.12704925182734614,0.0,0.06209518599028652,0.05563721087519591,0.17867904042551522,0.058094590128952184,0.0,0.0,0.0425826021835219,0.0,0.06209518599028652,0.0,0.25988321116643315,0.0,0.6209518599028652,0.0,0.1923039299511808,0.0981422113239839,0.10228056320658668,0.0,0.12704925182734614,0.0,0.05114028160329334,0.0,0.0,0.0,0.0,0.0,0.05563721087519591,0.05563721087519591,0.0,0.0,0.12143182467039411,0.0,0.0923165442260537,0.12521188520804366,0.1001841581226133,0.0,0.0,0.0480759824877952,0.0480759824877952,0.04710543278478029,0.04710543278478029,0.0,0.0,0.0,0.0,0.17325547411095543,0.0,0.0,0.0,0.0,0.0,0.0,0.0,0.05114028160329334,0.06500801953925162,0.2861953610045772,0.06209518599028652,0.0665496000975516,0.0,0.0,0.0,0.060715912335197054,0.04173729506934789,0.0425826021835219,0.0,0.0,0.0,0.25988321116643315,0.0,0.06500801953925162,0.0,0.08689297791149393,0.09421086556956058,0.0,0.0,0.1001841581226133,0.1001841581226133,0.0,0.0,0.0,0.0,0.139653872811986,0.069826936405993,0.11369339820101977,0.0,0.09421086556956058,0.06815411944572132,0.14680521267099586,0.0,0.0,0.07157412475245559,0.0,0.0,0.0,0.0
2575,347,40,1,0,0,0,0,0,0,0,0,0,0,0,1,0,0,0,0,150000.0,150000.0,0.0,1,0,14,1,2,3,2,1,3,0,0,0,0,75.0,30.0,1,0,0,0,0,0,0,0,0.0,0.0,0.0,0.08231942599988334,0.0,0.08046706288397289,0.0,0.0,0.07528282527177363,0.07528282527177363,0.08424170590367147,0.05518136185630656,0.0,0.0,0.0,0.0,0.0,0.4828023773038373,0.1122579706296364,0.12460009723328136,0.06358959526600437,0.06627097076929617,0.14419678030704589,0.0,0.0,0.06627097076929617,0.0,0.0,0.0,0.0,0.0,0.07209839015352294,0.07209839015352294,0.0,0.0,0.0,0.0,0.05981495224630578,0.10817191359979214,0.06491264035259725,0.0,0.0,0.06230004861664068,0.06230004861664068,0.06104234590202543,0.06104234590202543,0.0,0.09511996857163718,0.0,0.0,0.1122579706296364,0.12805551711652147,0.12805551711652147,0.10021765667792866,0.0,0.0,0.0,0.0,0.06627097076929617,0.08424170590367147,0.0,0.08046706288397289,0.08623938829639093,0.0,0.0,0.0,0.0,0.05408595679989607,0.05518136185630656,0.1157720792093043,0.0,0.0,0.3367739118889092,0.0,0.08424170590367147,0.07528282527177363,0.05630084366663789,0.06104234590202543,0.0,0.10588286454935017,0.06491264035259725,0.06491264035259725,0.0,0.19023993714327436,0.0,0.0,0.18097275636327595,0.0,0.0,0.10897074158755327,0.1831270377060763,0.0,0.47559984285818596,0.08424170590367147,0.0,0.09275050079119006,0.08424170590367147,0.0,0.0,0.0
2873,437,23,1,0,0,0,0,0,0,0,0,0,0,0,1,0,0,0,0,96000.0,144000.0,48000.0,1,0,2,1,0,0,0,0,1,0,0,0,0,75.0,30.0,1,0,0,0,0,0,0,0,0.0,0.0,0.19348018896585367,0.0,0.05316931227416055,0.05316931227416055,0.04763963891740914,0.0,0.0,0.1492313464278282,0.05566344050805944,0.03646156520565371,0.04565934249127685,0.05316931227416055,0.059789662076202774,0.0,0.07417543131003852,0.5316931227416055,0.0,0.04116529945140216,0.0,0.0,0.0,0.0,0.0,0.04378912083103119,0.13607867842092092,0.13607867842092092,0.0497437821426094,0.0,0.0,0.0,0.0,0.0,0.0,0.0,0.05698342653906753,0.0,0.03573776677902338,0.0,0.0,0.0,0.04116529945140216,0.04116529945140216,0.0403342614342962,0.0403342614342962,0.059789662076202774,0.0,0.04471124233991141,0.04471124233991141,0.07417543131003852,0.0,0.0,0.1986590671630458,0.0,0.0,0.0,0.0,0.04378912083103119,0.0,0.5717978076504555,0.2126772490966422,0.05698342653906753,0.13607867842092092,0.0,0.0,0.0,0.03573776677902338,0.03646156520565371,0.07649740914470961,0.1986590671630458,0.06449339632195122,0.0,0.04471124233991141,0.0,0.0497437821426094,0.037201272557027716,0.0,0.0,0.0,0.0,0.0,0.0,0.06285134726224785,0.07649740914470961,0.0,0.11957932415240555,0.059789662076202774,0.14602580770285759,0.0,0.0806685228685924,0.058357304222373174,0.06285134726224785,0.05566344050805944,0.0,0.0,0.05566344050805944,0.039523250391698794,0.0,0.0
2865,409,47,1,0,0,0,0,0,0,0,0,0,0,0,0,0,0,0,0,0.0,0.0,0.0,0,0,11,1,2,0,0,0,6,0,0,0,0,30.0,30.0,1,0,0,0,0,0,0,0,0.0,0.04711381853761948,0.0,0.1589418541337077,0.0,0.0,0.0,0.0,0.03633890690982407,0.03633890690982407,0.040663345161490276,0.026635960651246668,0.03335513555438001,0.03884133063406694,0.0,0.0,0.0,0.3107306450725355,0.16256026244510313,0.0,0.0,0.0,0.03480178485170872,0.0,0.0,0.0,0.0,0.0,0.03633890690982407,0.03884133063406694,0.039735463533426926,0.03480178485170872,0.03480178485170872,0.13103291732792627,0.13431158309706775,0.03797857737521418,0.04162762345793255,0.02887258778675308,0.026107210272528134,0.0,0.14223334063697726,0.12488287037379764,0.030072140079557386,0.030072140079557386,0.029465048864507404,0.029465048864507404,0.0,0.5968854611825972,0.032662527922678694,0.032662527922678694,0.0,0.37087323694250807,0.37087323694250807,0.0,0.0,0.0,0.0,0.04970420638074077,0.0,0.0,0.0,0.0,0.0,0.09940841276148155,0.11176601818425806,0.0,0.03797857737521418,0.026107210272528134,0.026635960651246668,0.0,0.0,0.0,0.10837350829673542,0.06532505584535739,0.0,0.0,0.027176332842991764,0.029465048864507404,0.0,0.1533284999990688,0.0,0.0,0.0,0.0,0.0,0.0,0.0,0.0,0.035558335159244316,0.0,0.029465048864507404,0.042631270769992555,0.04591426624481517,0.040663345161490276,0.04970420638074077,0.0,0.040663345161490276,0.1443629389337654,0.13431158309706775,0.039735463533426926
1567,228,34,1,0,0,0,0,0,0,0,0,0,0,0,0,0,0,0,0,0.0,0.0,0.0,0,0,5,1,0,0,0,0,1,3,0,0,0,30.0,30.0,1,0,0,0,0,0,0,0,0.0,0.1687014039437905,0.0,0.07114078939593756,0.0,0.0,0.1246154556448239,0.0,0.06505972986009405,0.0,0.0,0.047687961799030155,0.05971770460789813,0.06953996950788373,0.07819870334652465,0.48506901922455237,0.09701380384491047,0.0,0.0,0.1076799208488015,0.054954391987598834,0.057271647819428596,0.0,0.07114078939593756,0.08660851458669064,0.0,0.1779768581408336,0.1779768581408336,0.0,0.06953996950788373,0.07114078939593756,0.06230772782241195,0.06230772782241195,0.23459611003957392,0.24046610249067366,0.06799533047688135,0.07452843707190965,0.051692329833404466,0.0467413082057282,0.05609777303919614,0.19098667597315902,0.22358531121572897,0.05383996042440075,0.05383996042440075,0.05275304852169544,0.05275304852169544,0.1563974066930493,0.0,0.058477687522922324,0.058477687522922324,0.0,0.0,0.0,0.0,0.0,0.07452843707190965,0.0,0.0,0.0,0.0,0.0,0.0,0.0,0.0,0.30015213316613465,0.0,0.0,0.0467413082057282,0.047687961799030155,0.0,0.17321702917338128,0.0,0.0,0.058477687522922324,0.0,0.06505972986009405,0.048655422622936734,0.05275304852169544,0.0,0.0,0.05609777303919614,0.05609777303919614,0.20010142211075643,0.0,0.0,0.0,0.07819870334652465,0.0,0.0,0.0,0.0,0.0763253271974016,0.08220307138089895,0.0,0.0,0.0,0.0,0.20676931933361786,0.24046610249067366,0.07114078939593756
1774,251,28,1,0,0,0,0,0,0,0,0,0,0,0,0,0,0,0,0,120000.0,144000.0,24000.0,1,0,5,1,0,0,0,0,0,4,0,0,0,30.0,30.0,1,0,0,0,0,0,0,0,0.0,0.0,0.0,0.0,0.04876051808468378,0.04876051808468378,0.043689364703501016,0.07015425143734301,0.045619032577633056,0.0,0.0,0.033438175774001475,0.04187327426393397,0.14628155425405132,0.05483190912666071,0.6122233060048566,0.2720992471132696,0.0,0.0,0.07550375366946419,0.03853330168688567,0.04015813120139911,0.0,0.09976598415120183,0.060728758894741226,0.04015813120139911,0.1247950476746681,0.1247950476746681,0.0,0.0,0.0,0.043689364703501016,0.043689364703501016,0.0,0.0,0.0,0.0,0.036245986322950625,0.03277439464233305,0.039335025542082,0.0,0.0,0.03775187683473209,0.03775187683473209,0.0,0.0,0.05483190912666071,0.0,0.04100379048467483,0.04100379048467483,0.0,0.0,0.0,0.0,0.07244156680127804,0.3135501981998491,0.2996482223962688,0.0,0.04015813120139911,0.0,0.0,0.04876051808468378,0.052258366366641516,0.0,0.07015425143734301,0.0,0.0,0.03277439464233305,0.033438175774001475,0.0,0.12145751778948245,0.0,0.0,0.04100379048467483,0.0,0.09123806515526611,0.03411654666392503,0.03698974840897384,0.0,0.0,0.039335025542082,0.039335025542082,0.14030850287468602,0.0,0.28061700574937204,0.2996482223962688,0.05483190912666071,0.05483190912666071,0.0446391206554819,0.0,0.03698974840897384,0.05351832224640799,0.0,0.0,0.0,0.0,0.0,0.0,0.0,0.0
2271,325,39,1,0,1,0,0,0,0,0,0,0,0,0,1,0,0,0,0,60000.0,144000.0,84000.0,1,0,12,1,2,2,1,0,5,1,1,0,0,75.0,30.0,1,0,0,0,0,0,0,0,0.0,0.0,0.052365801863742574,0.08832989874059732,0.04317114356764753,0.04317114356764753,0.0,0.0,0.0,0.0,0.0,0.029605187633006118,0.0370733783377006,0.0,0.0,0.0,0.0,0.5612248663794179,0.18068156558613727,0.06684882600918475,0.034116263825805175,0.03555484058830361,0.07736258391342263,0.0,0.0,0.03555484058830361,0.0,0.0,0.04038976373068533,0.0,0.0,0.0,0.0,0.0,0.0,0.0,0.046268036633795646,0.032091141373467184,0.05803499027592723,0.03482608679352217,0.11856653470361793,0.13880410990138695,0.033424413004592375,0.033424413004592375,0.03274964667769952,0.03274964667769952,0.0,0.3572277116283216,0.036303562705328814,0.036303562705328814,0.2409087541148497,0.2748107320401675,0.2748107320401675,0.0,0.0,0.0,0.0,0.0,0.03555484058830361,0.04519626601998552,0.0,0.0,0.0,0.055244951564479,0.0,0.0,0.0,0.029017495137963614,0.029605187633006118,0.2484501297071909,0.0,0.052365801863742574,0.0,0.036303562705328814,0.0,0.04038976373068533,0.030205797475381883,0.03274964667769952,0.0,0.17042069822052214,0.03482608679352217,0.03482608679352217,0.06211253242679773,0.051032530232617376,0.0,0.0,0.0,0.0,0.03952217823453931,0.29231783546844753,0.1309985867107981,0.0,0.0,0.0,0.110489903128958,0.049761294150891665,0.0,0.032091141373467184,0.0,0.0
2909,414,54,1,0,1,0,0,0,0,0,0,0,0,0,0,0,0,0,0,0.0,0.0,0.0,0,0,5,1,0,0,0,0,1,3,0,0,0,30.0,30.0,1,0,0,0,0,0,0,0,0.0,0.0,0.05601337804782811,0.0,0.04617825946223138,0.0,0.08275132825760695,0.13287804775273046,0.04320314068704766,0.04320314068704766,0.048344443221072904,0.0316673574746238,0.0396557501734276,0.13853477838669412,0.1038562437775153,0.0,0.064422355043748,0.0,0.0,0.07150522726738852,0.03649265580285896,0.038031437625742445,0.08275132825760695,0.0,0.0,0.0,0.11818615382867566,0.11818615382867566,0.0,0.04617825946223138,0.04724128949612389,0.041375664128803474,0.041375664128803474,0.15578436566627293,0.15968235464105227,0.04515253652254802,0.04949086875902434,0.034326472044017425,0.06207745770390482,0.03725192198083555,0.12682536876749412,0.148472606277073,0.0,0.0,0.035030845991129746,0.035030845991129746,0.05192812188875765,0.05458723645815127,0.03883231250020399,0.03883231250020399,0.0,0.0,0.0,0.0575126863949694,0.0,0.296945212554146,0.14188972866510358,0.05909307691433783,0.0,0.0,0.28377945733020715,0.04617825946223138,0.0,0.11818615382867566,0.13287804775273046,0.08279665175076574,0.0,0.03103872885195241,0.0316673574746238,0.0,0.1150253727899388,0.16804013414348434,0.0,0.03883231250020399,0.0,0.04320314068704766,0.03230980321140022,0.035030845991129746,0.07348821596115128,0.0,0.03725192198083555,0.03725192198083555,0.0,0.0,0.5979512148872871,0.14188972866510358,0.0,0.05192812188875765,0.042275122922498035,0.0,0.035030845991129746,0.0,0.0,0.048344443221072904,0.0,0.0,0.048344443221072904,0.24028530430812198,0.15968235464105227,0.04724128949612389
0,0,15,0,0,0,0,0,0,0,0,0,0,0,0,0,0,0,0,0,0.0,0.0,0.0,0,0,0,0,0,0,0,0,0,0,0,0,0,5.0,30.0,1,0,0,0,0,0,0,0,0.0,0.0,0.0,0.0,0.0,0.0,0.0,0.0,0.0,0.0,0.0,0.0,0.0,0.0,0.0,0.0,0.0,0.0,0.0,0.0,0.0,0.0,0.0,0.0,0.0,0.0,0.0,0.0,0.0,0.0,0.0,0.0,0.0,0.0,0.0,0.0,0.0,0.0,0.0,0.0,0.0,0.0,0.0,0.0,0.0,0.0,0.0,0.0,0.0,0.0,0.0,0.0,0.0,0.0,0.0,0.0,0.0,0.0,0.0,0.0,0.0,0.0,0.0,0.0,0.0,0.0,0.0,0.0,0.0,0.0,0.0,0.0,0.0,0.0,0.0,0.0,0.0,0.0,0.0,0.0,0.0,0.0,0.0,0.0,0.0,0.0,0.0,0.0,0.0,0.0,0.0,0.0,0.0,0.0,0.0,0.0,0.0,0.0,0.0,0.0
1687,239,33,1,0,0,0,0,0,0,0,0,0,0,0,1,0,0,0,0,60000.0,120000.0,60000.0,1,0,5,1,0,0,0,0,2,2,0,0,0,30.0,30.0,1,0,0,0,0,0,0,0,0.0,0.5361641100587731,0.0,0.05652463041751026,0.05525270536149717,0.05525270536149717,0.0,0.23848468003100223,0.0,0.0,0.0,0.03789027980913091,0.0,0.0,0.0,0.1541638616690284,0.0,0.0,0.0,0.17111330310070558,0.08732758585598131,0.04550495930510254,0.04950635658138724,0.22609852167004105,0.13762889952699314,0.04550495930510254,0.0,0.0,0.0,0.05525270536149717,0.05652463041751026,0.04950635658138724,0.04950635658138724,0.0,0.0,0.054025418581335916,0.05921627236434526,0.04107193445649451,0.037138119972992566,0.04457226178132634,0.0,0.0,0.042778325775176394,0.042778325775176394,0.0,0.0,0.0,0.0,0.0,0.0,0.1541638616690284,0.0,0.0,0.0,0.1641735036303271,0.3552976341860716,0.16977234445503114,0.0,0.04550495930510254,0.05784456383299332,0.25465851668254674,0.05525270536149717,0.05921627236434526,0.0,0.0,0.0,0.054025418581335916,0.037138119972992566,0.03789027980913091,0.15898978668733482,0.0,0.0,0.0,0.0,0.0,0.10338589764411224,0.03865897194734132,0.041914724258824386,0.0,0.0,0.04457226178132634,0.04457226178132634,0.0,0.06531412243866475,0.15898978668733482,0.16977234445503114,0.0,0.062132467791301146,0.0,0.0,0.041914724258824386,0.2425759369813814,0.1306282448773295,0.0,0.0707054013225129,0.0,0.0,0.04107193445649451,0.0,0.05652463041751026
2958,411,35,1,0,0,0,0,0,0,0,0,0,0,1,1,0,0,0,0,180000.0,180000.0,0.0,1,0,12,1,2,2,1,1,2,0,0,0,0,75.0,30.0,1,0,0,0,0,0,0,0,0.0,0.28636575191102603,0.0,0.0,0.0,0.07869472409223906,0.0,0.0,0.07362467264635875,0.07362467264635875,0.08238622817273708,0.053965956885708176,0.0,0.0,0.0,0.0,0.0,0.23608417227671719,0.10978541665665115,0.1218556999871836,0.06218899354896269,0.06481131003295686,0.5640830140707095,0.0,0.0,0.06481131003295686,0.0,0.0,0.0,0.0,0.0,0.07051037675883869,0.07051037675883869,0.0,0.0,0.0,0.0,0.11699497893692934,0.05289467882989341,0.06348289771694689,0.0,0.0,0.0609278499935918,0.0609278499935918,0.05969784898983427,0.05969784898983427,0.0,0.0,0.0,0.0,0.10978541665665115,0.0,0.0,0.0,0.0,0.0,0.0,0.0,0.06481131003295686,0.0,0.0,0.07869472409223906,0.08433991032646079,0.0,0.0,0.0,0.07694673738434936,0.05289467882989341,0.053965956885708176,0.11322212473565593,0.0,0.09545525063700867,0.0,0.0,0.08238622817273708,0.0,0.0550607813894599,0.05969784898983427,0.0,0.10355072638629453,0.06348289771694689,0.06348289771694689,0.0,0.2790746703356446,0.0,0.0,0.2654800725873751,0.0,0.0,0.2131411818951131,0.05969784898983427,0.17274671264756436,0.18604978022376306,0.08238622817273708,0.20140704468684925,0.09070761138261309,0.08238622817273708,0.11699497893692934,0.0,0.0
3390,464,48,1,0,2,0,0,0,0,1,0,0,0,0,0,0,0,0,0,0.0,0.0,0.0,0,0,7,1,0,0,0,0,1,5,0,0,0,30.0,30.0,1,0,0,0,0,0,0,0,0.0,0.0,0.0,0.0,0.03516826079624235,0.0,0.031510718759107985,0.2023935025652334,0.032902481310312766,0.032902481310312766,0.036817974671357785,0.07235131202636216,0.0604017466405541,0.10550478238872706,0.07909443770770676,0.19625011506894696,0.19625011506894696,0.0,0.0,0.054456675286578375,0.027791936105173342,0.0289638356329142,0.031510718759107985,0.21586703466499896,0.1752011598345373,0.0,0.09000775535403518,0.09000775535403518,0.032902481310312766,0.0703365215924847,0.03597783911083316,0.031510718759107985,0.031510718759107985,0.19773609426926692,0.1216102719758773,0.06877418934923607,0.07538213002477977,0.026142222230057913,0.04727671089215056,0.028370175113568326,0.09658717535776347,0.11307319503716964,0.027228337643289188,0.027228337643289188,0.026678656624913893,0.026678656624913893,0.03954721885385338,0.04157233707512391,0.05914752566390322,0.05914752566390322,0.0,0.0,0.0,0.043800289958634324,0.0,0.5276749101734584,0.2701495812160102,0.04500387767701759,0.0,0.0,0.05402991624320204,0.03516826079624235,0.0,0.09000775535403518,0.15179512692392505,0.0,0.06877418934923607,0.04727671089215056,0.024117104008787384,0.0,0.08760057991726865,0.0,0.0,0.05914752566390322,0.0,0.032902481310312766,0.024606375355986306,0.026678656624913893,0.0,0.0,0.028370175113568326,0.028370175113568326,0.05059837564130835,0.0,0.3035902538478501,0.2701495812160102,0.0,0.03954721885385338,0.0,0.0,0.026678656624913893,0.0,0.0,0.036817974671357785,0.0,0.0,0.036817974671357785,0.1568533333803475,0.16214702930116973,0.03597783911083316
2453,359,35,1,0,0,0,0,0,0,0,0,0,0,0,0,0,0,0,0,120000.0,240000.0,120000.0,1,0,9,1,2,1,0,0,6,0,0,0,0,75.0,30.0,1,0,0,0,0,0,0,0,0.0,0.0,0.0,0.09831753501405259,0.0,0.0,0.0,0.0,0.0299711427758858,0.0299711427758858,0.03353779811276251,0.021968469817554424,0.027510225678777523,0.0,0.0,0.0,0.0,0.22424542054868601,0.1340743916023103,0.04960503661474696,0.02531590481491646,0.0,0.057406749478435076,0.06554502334270174,0.0,0.02638339780225859,0.0,0.0,0.0299711427758858,0.03203506007838371,0.03277251167135087,0.028703374739217538,0.028703374739217538,0.10807166773952728,0.11077580411119077,0.0313234893873444,0.03433310333672196,0.023813166780537666,0.04306474757205631,0.025842627517552286,0.08798205812093902,0.10299931001016588,0.02480251830737348,0.02480251830737348,0.024301809314408975,0.024301809314408975,0.0,0.4922916207234004,0.02693898554024225,0.02693898554024225,0.0,0.5098068746601826,0.5098068746601826,0.0,0.0,0.0,0.0,0.0,0.02638339780225859,0.03353779811276251,0.0,0.0,0.0,0.04099440496919691,0.0,0.0,0.0,0.021532373786028156,0.021968469817554424,0.0,0.0,0.03885793773632815,0.1340743916023103,0.02693898554024225,0.0,0.0299711427758858,0.0,0.0,0.0,0.12646033565313827,0.025842627517552286,0.025842627517552286,0.0,0.11360575862847701,0.0,0.0,0.0,0.0,0.029327352706979677,0.04338277213593435,0.0,0.0,0.0,0.03353779811276251,0.0,0.0,0.03353779811276251,0.11906583390268834,0.11077580411119077,0.03277251167135087
4610,636,47,1,0,2,0,0,0,0,0,0,0,0,0,0,0,0,0,0,60000.0,72000.0,12000.0,1,0,10,1,1,0,0,0,8,0,0,0,0,75.0,30.0,1,0,0,0,0,0,0,0,0.0,0.14374149247084508,0.028748298494169013,0.1454766777884071,0.0,0.0,0.04247128040567963,0.0,0.0,0.04434714804368001,0.0,0.032505900444879124,0.020352911799435665,0.0,0.0,0.0,0.0,0.33180733005586727,0.0330641206983376,0.036699333070414335,0.018729485676970997,0.019519249849449277,0.08494256081135926,0.024246112964734515,0.0,0.019519249849449277,0.0,0.0,0.06652072206552001,0.02370052357541909,0.024246112964734515,0.0,0.0,0.07995474654420422,0.08195534987289922,0.023174081674036978,0.025400686718185586,0.03523542764125167,0.015930312954051565,0.019119171346390185,0.06509183493357179,0.07620206015455676,0.018349666535207167,0.018349666535207167,0.01797922660897812,0.01797922660897812,0.0,0.4762778782529905,0.03986058152113186,0.03986058152113186,0.0,0.49032206491573394,0.49032206491573394,0.0,0.0,0.0,0.0,0.0,0.019519249849449277,0.024812295431764254,0.0,0.0,0.0,0.03032892271952777,0.0,0.0,0.046348163348073956,0.015930312954051565,0.016252950222439562,0.0,0.0,0.11499319397667605,0.1322564827933504,0.03986058152113186,0.024812295431764254,0.022173574021840003,0.016582678984582502,0.01797922660897812,0.0,0.03118641637390506,0.019119171346390185,0.019119171346390185,0.0,0.0,0.0,0.0,0.026651582181401408,0.0,0.04339455662238119,0.12838364108060976,0.01797922660897812,0.07803930154607756,0.028016345779587677,0.0,0.03032892271952777,0.027318449957633075,0.0,0.10570628292375502,0.08195534987289922,0.024246112964734515
1276,189,28,1,0,0,0,0,0,0,0,0,0,0,0,1,0,0,0,0,120000.0,180000.0,60000.0,1,0,3,1,0,0,1,0,2,0,0,0,0,75.0,30.0,1,0,0,0,0,0,0,0,0.0,0.0,0.0,0.12769930578613828,0.12482579833522446,0.12482579833522446,0.0,0.0,0.0,0.0,0.0,0.08560095646675214,0.1071946134745271,0.0,0.0,0.0,0.0,0.24965159667044892,0.0,0.19328786278949403,0.09864436093980745,0.10280388691029717,0.11184376298877587,0.0,0.0,0.10280388691029717,0.0,0.0,0.0,0.12482579833522446,0.12769930578613828,0.0,0.0,0.0,0.0,0.12205313677743128,0.13378020902242377,0.09278888651987302,0.0839016921247189,0.10069675546308694,0.0,0.0,0.0,0.0,0.09469290025488052,0.09469290025488052,0.0,0.0,0.10496875511311562,0.10496875511311562,0.3482838891122876,0.0,0.0,0.15546421795146106,0.0,0.0,0.0,0.0,0.10280388691029717,0.1306812727551589,0.3835462588336823,0.24965159667044892,0.13378020902242377,0.0,0.0,0.0,0.12205313677743128,0.0839016921247189,0.08560095646675214,0.35918652164719717,0.0,0.0,0.0,0.10496875511311562,0.0,0.0,0.08733757025241827,0.09469290025488052,0.0,0.0,0.10069675546308694,0.10069675546308694,0.0,0.0,0.0,0.0,0.0,0.14036841895512625,0.0,0.0,0.09469290025488052,0.0,0.0,0.0,0.0,0.0,0.0,0.09278888651987302,0.0,0.12769930578613828
2285,312,41,1,1,0,0,0,1,0,0,0,0,0,0,1,0,0,0,0,180000.0,240000.0,60000.0,1,0,7,1,0,0,0,0,2,2,0,0,0,10.0,30.0,1,0,0,0,0,0,0,0,0.0,0.0,0.0917255885105608,0.0773607168867716,0.0,0.07561993532955265,0.3387768488975247,0.0,0.0,0.07074798277012072,0.07916720362556755,0.05185737947198853,0.0,0.45371961197731586,0.17007142602352357,0.0,0.0,0.1512398706591053,0.0,0.0,0.0,0.0,0.20326610933851483,0.0,0.0,0.06227897905291884,0.19353759568791593,0.19353759568791593,0.14149596554024144,0.0,0.0,0.0,0.0,0.0,0.0,0.0,0.0,0.0,0.0,0.0,0.0,0.0,0.0,0.0,0.057365313011750886,0.057365313011750886,0.08503571301176178,0.0,0.0,0.0,0.10549584109314768,0.0,0.0,0.09418080448383959,0.0,0.24313365240769233,0.0,0.0,0.06227897905291884,0.0,0.11617687880114436,0.07561993532955265,0.08104455080256412,0.0,0.0,0.13558495975833074,0.0,0.05082795878038372,0.05185737947198853,0.1087982688693259,0.18836160896767917,0.0,0.0,0.0,0.07916720362556755,0.0,0.052909426596188046,0.0,0.36102535282939374,0.0,0.0,0.0,0.0,0.26817056373641857,0.0,0.0,0.08503571301176178,0.0,0.0692282926787842,0.0,0.11473062602350177,0.0,0.0,0.07916720362556755,0.0,0.08716345073669132,0.07916720362556755,0.05621185437236627,0.0,0.0
2869,410,37,1,0,2,0,0,0,0,0,0,0,0,0,0,0,0,0,0,60000.0,120000.0,60000.0,1,0,11,1,1,3,1,1,1,0,1,0,0,75.0,30.0,1,0,0,0,0,0,0,0,0.0,0.11167058613560704,0.0,0.0,0.18412577425579743,0.09206288712789872,0.1649764690523838,0.0,0.08613156734275507,0.0,0.0,0.06313335302751223,0.0,0.0,0.0,0.0,0.0,0.0,0.0,0.14255577719113627,0.07275326725823553,0.07582104631540096,0.2474647035785757,0.0,0.0,0.07582104631540096,0.0,0.0,0.08613156734275507,0.09206288712789872,0.09418218775038875,0.0824882345261919,0.0824882345261919,0.0,0.0,0.09001796347074358,0.09866704196918087,0.06843467376400426,0.061880093017102004,0.07426697169961363,0.1685628655239886,0.0,0.0,0.0,0.06983894278462145,0.06983894278462145,0.0,0.0,0.0,0.0,0.0,0.0,0.0,0.0,0.0,0.0,0.0,0.0,0.07582104631540096,0.0,0.0,0.09206288712789872,0.09866704196918087,0.0,0.0,0.0,0.09001796347074358,0.061880093017102004,0.06313335302751223,0.0,0.0,0.0,0.0,0.0,0.19276296124425996,0.0,0.06441415940781814,0.06983894278462145,0.0,0.0,0.07426697169961363,0.07426697169961363,0.0,0.0,0.0,0.0,0.0,0.3105781517026534,0.0,0.24934826060406642,0.06983894278462145,0.0,0.4353094852161727,0.0,0.47124160445713276,0.0,0.0,0.13686934752800853,0.0,0.09418218775038875
2661,380,46,1,0,1,0,0,0,0,1,0,0,0,1,1,0,0,0,0,180000.0,180000.0,0.0,1,0,9,1,0,0,0,0,1,3,0,0,0,30.0,30.0,1,0,0,0,0,0,0,0,0.0,0.6314633680320372,0.0,0.04096705907254869,0.08009042527985748,0.04004521263992874,0.03588046165991515,0.05761509571174702,0.03746522661687998,0.03746522661687998,0.041923700271341464,0.0,0.0,0.08009042527985748,0.0,0.2793313278299139,0.2793313278299139,0.0,0.0,0.062008444322830696,0.031645977532272336,0.032980390003020076,0.0,0.2458023544352921,0.19949714718578943,0.032980390003020076,0.0,0.0,0.03746522661687998,0.0,0.0,0.03588046165991515,0.03588046165991515,0.0,0.0,0.0,0.0,0.029767489900859614,0.05383279973841894,0.032304403724629074,0.0,0.0,0.031004222161415348,0.031004222161415348,0.030378314232885565,0.030378314232885565,0.045031421869163625,0.0,0.03367489873979954,0.03367489873979954,0.05586626556598277,0.0,0.0,0.0,0.0,0.3004250637397062,0.18456751365206084,0.0,0.032980390003020076,0.041923700271341464,0.0,0.04004521263992874,0.04291786624852945,0.0,0.0,0.0,0.0,0.02691639986920947,0.0,0.05761509571174702,0.049874286796447356,0.0,0.0,0.03367489873979954,0.08384740054268293,0.03746522661687998,0.02801865975509537,0.030378314232885565,0.0,0.0,0.032304403724629074,0.032304403724629074,0.0,0.0,0.17284528713524105,0.18456751365206084,0.045031421869163625,0.0,0.036660461146119525,0.0,0.030378314232885565,0.26371572887321204,0.0,0.041923700271341464,0.0,0.0,0.041923700271341464,0.029767489900859614,0.0,0.0
2890,413,48,1,0,0,0,0,0,0,0,0,0,0,0,0,0,0,0,0,108000.0,108000.0,0.0,1,0,6,1,0,0,1,0,3,1,0,0,0,30.0,30.0,1,0,0,0,0,0,0,0,0.0,0.0,0.1849836026157732,0.156013870753266,0.07625161252152599,0.07625161252152599,0.2732854070908175,0.10970709515529706,0.07133896300435721,0.07133896300435721,0.07982851226944095,0.05229056053337406,0.06548135273369883,0.07625161252152599,0.08574604316714514,0.0,0.0,0.3812580626076299,0.0,0.11807263734823104,0.060258309485157,0.06279921502555845,0.0,0.0,0.0,0.06279921502555845,0.0,0.0,0.14267792600871443,0.0,0.0,0.06832135177270438,0.06832135177270438,0.2572381295014354,0.0,0.0,0.08172154152005945,0.05668140973724204,0.05125254076575844,0.061512043841496764,0.0,0.0,0.0,0.0,0.057844503580772345,0.057844503580772345,0.17149208633429028,0.0,0.06412165552714587,0.06412165552714587,0.0,0.0,0.0,0.18993505295053567,0.0,0.08172154152005945,0.0,0.0,0.06279921502555845,0.07982851226944095,0.23429468189040176,0.07625161252152599,0.08172154152005945,0.0,0.0,0.0,0.14911578562623526,0.05125254076575844,0.05229056053337406,0.0,0.0,0.0,0.0,0.06412165552714587,0.0,0.0,0.05335139573931872,0.057844503580772345,0.4853881487630376,0.0,0.061512043841496764,0.061512043841496764,0.0,0.0,0.0,0.0,0.0,0.08574604316714514,0.20941973538582803,0.0,0.057844503580772345,0.08369185831142982,0.0,0.07982851226944095,0.0,0.0,0.07982851226944095,0.05668140973724204,0.0,0.0
1547,221,37,1,0,0,0,0,0,0,0,0,0,0,0,0,0,0,0,0,0.0,0.0,0.0,0,0,5,1,0,0,0,0,3,0,0,0,0,30.0,30.0,1,0,0,0,0,0,0,0,0.0,0.25626417690142717,0.0,0.0,0.0704226624915969,0.0,0.06309861965870645,0.0,0.0658855537348553,0.0,0.0,0.04829328028831729,0.06047572045452388,0.0704226624915969,0.07919130439694098,0.0,0.0,0.0704226624915969,0.09824523095917632,0.10904673638370407,0.05565194558986462,0.05799861508808939,0.2523944786348258,0.0,0.0,0.0,0.1802359750926525,0.1802359750926525,0.0,0.0704226624915969,0.07204380209640317,0.06309861965870645,0.06309861965870645,0.2375739131908229,0.2435184153258886,0.06885841686535607,0.0,0.05234847704167381,0.047334610519415496,0.05680983994135403,0.19341093068677515,0.22642335079020814,0.05452336819185204,0.05452336819185204,0.053422659770148775,0.053422659770148775,0.07919130439694098,0.08324650115029748,0.05921996343770257,0.05921996343770257,0.0,0.11207082921725323,0.11207082921725323,0.0,0.0,0.0,0.0,0.0,0.0,0.0,0.0,0.0,0.0,0.0,0.30396205980066177,0.0,0.06885841686535607,0.047334610519415496,0.04829328028831729,0.0,0.17541572809995543,0.08542139230047573,0.0,0.05921996343770257,0.0,0.0658855537348553,0.04927302140062956,0.053422659770148775,0.0,0.09266590535998703,0.05680983994135403,0.05680983994135403,0.0,0.0,0.0,0.0,0.0,0.07919130439694098,0.0,0.0,0.0,0.07729414888762566,0.0,0.0,0.360471950185305,0.08117280510862954,0.0,0.261742385208369,0.2435184153258886,0.07204380209640317
1658,220,31,1,0,1,0,0,0,0,0,0,0,0,0,0,0,0,0,0,36000.0,204000.0,168000.0,1,0,3,1,0,0,0,0,0,2,0,0,0,30.0,30.0,1,0,0,0,0,0,0,0,0.4413228873588206,0.0,0.08102347969076341,0.06833463350106027,0.06679695812129265,0.06679695812129265,0.1795499789016176,0.19220840054046875,0.0,0.0,0.0,0.045806905147096615,0.0,0.06679695812129265,0.07511414729603835,0.0,0.0,0.0,0.0,0.10343247508364334,0.052786710235191915,0.05501256166783463,0.0,0.2733385340042411,0.16638446530059733,0.05501256166783463,0.08547827115774569,0.08547827115774569,0.0,0.06679695812129265,0.06833463350106027,0.0,0.0,0.0,0.0,0.06531324753878107,0.0,0.049653320464607215,0.08979518480802609,0.05388499050135692,0.0,0.0,0.0,0.0,0.05067219899305138,0.05067219899305138,0.1502282945920767,0.0,0.0,0.0,0.0,0.0,0.0,0.0,0.2977127701224572,0.35794327529675996,0.0,0.17095654231549137,0.05501256166783463,0.06993034789187734,0.0,0.06679695812129265,0.071588655059352,0.0,0.0,0.0,0.0,0.044897592404013045,0.045806905147096615,0.0,0.249576697950896,0.0,0.0,0.0,0.06993034789187734,0.1249868839920798,0.04673620437739255,0.05067219899305138,0.31890261831849914,0.0,0.05388499050135692,0.05388499050135692,0.0,0.1579211252270979,0.0,0.0,0.0,0.07511414729603835,0.06115106217323309,0.0,0.05067219899305138,0.0,0.0,0.0,0.0,0.07699363062389131,0.0,0.049653320464607215,0.0,0.06833463350106027
2895,422,31,1,0,1,0,0,0,0,0,0,0,0,0,1,0,0,0,0,180000.0,240000.0,60000.0,1,0,6,1,0,0,0,0,1,0,0,0,0,75.0,30.0,1,0,0,0,0,0,0,0,0.0,0.3438164738987039,0.0,0.0,0.0,0.07086184984918735,0.06349213099518593,0.0,0.0,0.06629644564414157,0.0,0.04859445887783359,0.06085287421334365,0.1417236996983747,0.079685176944381,0.0,0.0,0.0,0.0,0.0,0.0,0.0,0.0,0.07249309960879508,0.0,0.05836032050511312,0.0,0.0,0.13259289128828314,0.07086184984918735,0.07249309960879508,0.0,0.0,0.0,0.0,0.06928784888455254,0.07594514283883227,0.05267494565976335,0.04762981041361257,0.0,0.12974475208794453,0.0,0.05486340040812856,0.05486340040812856,0.0,0.0,0.0,0.0,0.05958928573167167,0.05958928573167167,0.29657379705539816,0.0,0.0,0.5295290981346301,0.0,0.0,0.0,0.0,0.05836032050511312,0.07418592031118305,0.0,0.07086184984918735,0.07594514283883227,0.18136000759643814,0.0,0.0,0.0,0.04762981041361257,0.04859445887783359,0.30585770374720433,0.0,0.17190823694935195,0.0,0.05958928573167167,0.07418592031118305,0.0,0.049580310095827966,0.053755827474262566,0.0,0.0,0.0,0.0,0.0,0.0,0.0,0.0,0.0,0.0,0.19461712813191678,0.09596309411051968,0.053755827474262566,0.3111047596843827,0.08376566372631075,0.0,0.0,0.08167903518460995,0.0,0.15802483697929004,0.0,0.07249309960879508
