description_length,word_count,title_length,has_description,fraud_keyword_count,legit_keyword_count,has_email,has_phone,has_whatsapp,has_telegram,has_instagram,has_registration_fee,has_training_fee,has_deposit,has_fee,has_urgent,has_guarantee,has_personal_email,has_disposable_email,has_corporate_email,salary_min,salary_max,salary_range,has_salary,unrealistic_salary,skill_count,has_skills,programming_count,framework_count,database_count,cloud_count,ml_count,business_count,mobile_count,is_remote,has_location,company_trust_score,recruiter_verif_score,is_internshala,is_linkedin,is_naukri,is_ncs,is_shine,mode_remote,mode_hybrid,mode_onsite,tfidf_000,tfidf_ai,tfidf_analysis,tfidf_analytics,tfidf_assist,tfidf_available time,tfidf_business,tfidf_campaigns,tfidf_candidates hired,tfidf_career,tfidf_career apply,tfidf_certificate,tfidf_certificate letter,tfidf_communication,tfidf_content,tfidf_creative,tfidf_data,tfidf_data analytics,tfidf_data science,tfidf_day,tfidf_day day,tfidf_day responsibilities,tfidf_development,tfidf_digital,tfidf_digital marketing,tfidf_duration months,tfidf_english,tfidf_english proficiency,tfidf_experience,tfidf_flexible,tfidf_flexible work,tfidf_hired,tfidf_hired apply,tfidf_home,tfidf_home job,tfidf_hours,tfidf_improve,tfidf_include,tfidf_interests women,tfidf_intern day,tfidf_job,tfidf_job internship,tfidf_join,tfidf_jul,tfidf_jul 26,tfidf_jun,tfidf_jun 26,tfidf_learn business,tfidf_learning,tfidf_letter,tfidf_letter recommendation,tfidf_machine,tfidf_machine learning,tfidf_market,tfidf_marketing,tfidf_media,tfidf_month,tfidf_months,tfidf_months relevant,tfidf_ms,tfidf_office,tfidf_outreach,tfidf_performance,tfidf_perks certificate,tfidf_proficiency,tfidf_projects,tfidf_python,tfidf_quality,tfidf_recommendation,tfidf_requirements,tfidf_research,tfidf_responsibilities,tfidf_responsibilities include,tfidf_restart,tfidf_restart career,tfidf_sales,tfidf_science,tfidf_selected,tfidf_selected intern,tfidf_seo,tfidf_services,tfidf_social,tfidf_social media,tfidf_start restart,tfidf_strong,tfidf_support,tfidf_team,tfidf_technologies,tfidf_time,tfidf_tools,tfidf_trends,tfidf_using,tfidf_wanting,tfidf_wanting start,tfidf_web,tfidf_women,tfidf_women wanting,tfidf_work,tfidf_work home,tfidf_work hours
1567,228,34,1,0,0,0,0,0,0,0,0,0,0,0,0,0,0,0,0,0.0,0.0,0.0,0,0,5,1,0,0,0,0,1,3,0,0,0,30.0,30.0,1,0,0,0,0,0,0,0,0.0,0.18159828229719016,0.0,0.07523371224537777,0.0,0.0,0.1364023259440134,0.0,0.0665948139329201,0.0,0.0,0.050651831170762,0.062078754691488054,0.07716797095714784,0.49719019730526376,0.09943803946105274,0.0,0.0,0.0,0.11078812305408754,0.05665767664072256,0.05929072948321966,0.0,0.07523371224537777,0.09079914114859508,0.0,0.1988760789221055,0.1988760789221055,0.0,0.07523371224537777,0.07716797095714784,0.06353680076570058,0.06353680076570058,0.24387243008452034,0.25048517009668386,0.07337532666206367,0.07716797095714784,0.05416327132537829,0.0,0.057955915620462456,0.19978444179876031,0.23150391287144348,0.0,0.05539406152704377,0.05539406152704377,0.05539406152704377,0.05539406152704377,0.17161373853921097,0.0,0.06066423894518442,0.06066423894518442,0.0,0.0,0.0,0.07918456289310247,0.0,0.0,0.0,0.0,0.0,0.0,0.0,0.0,0.050651831170762,0.1927600525876664,0.0,0.0,0.08580686926960548,0.06066423894518442,0.0,0.0682011629720067,0.05179363963999295,0.05539406152704377,0.0,0.0,0.0,0.0,0.057955915620462456,0.057955915620462456,0.20541422407116,0.0,0.0,0.0,0.0,0.08129081002817344,0.0,0.0,0.0,0.0,0.08129081002817344,0.0,0.08580686926960548,0.0,0.0,0.0,0.0,0.0,0.22157624610817508,0.25048517009668386,0.07716797095714784
5252,718,21,1,0,2,0,0,0,0,0,0,0,0,1,1,0,0,0,0,36000.0,60000.0,24000.0,1,0,5,1,0,1,0,0,1,2,0,0,0,75.0,30.0,1,0,0,0,0,0,0,0,0.0,0.0,0.029200306070706214,0.024194583743972563,0.0,0.024194583743972563,0.04386593987495057,0.13663628070072356,0.0,0.04386593987495057,0.024194583743972563,0.032578479367056726,0.01996405048053462,0.24816626482363482,0.06395701876919416,0.03197850938459708,0.0,0.0,0.0,0.053442913576971784,0.018220673436290528,0.019067442997419224,0.06275019411092153,0.21775125369575307,0.20440214249494348,0.039018306172012726,0.09593552815379124,0.06395701876919416,0.021932969937475285,0.0,0.0,0.0,0.0,0.0,0.0,0.0,0.04963325296472697,0.01741849185449287,0.024194583743972563,0.01863817711619084,0.0,0.0,0.0,0.01781430452565726,0.01781430452565726,0.0,0.0,0.05518965959250869,0.08278448938876302,0.019509153086006363,0.019509153086006363,0.0,0.0,0.0,0.25465146952983647,0.0,0.0,0.039018306172012726,0.0,0.1101138864036679,0.1451675024638354,0.6974711513397079,0.04493537809940201,0.016289239683528363,0.061990151697072254,0.05840061214141243,0.0,0.027594829796254345,0.019509153086006363,0.025465146952983644,0.06579890981242585,0.01665643651329908,0.01781430452565726,0.024194583743972563,0.024194583743972563,0.0,0.0,0.01863817711619084,0.01863817711619084,0.36332799804638016,0.0,0.0,0.0,0.024194583743972563,0.05228499969341453,0.026851368638043733,0.06579890981242585,0.0,0.03562860905131452,0.026142499846707266,0.04963325296472697,0.0,0.024194583743972563,0.024194583743972563,0.09021384612156522,0.024194583743972563,0.024194583743972563,0.14251443620525808,0.0,0.0
1774,251,28,1,0,0,0,0,0,0,0,0,0,0,0,0,0,0,0,0,120000.0,144000.0,24000.0,1,0,5,1,0,0,0,0,0,4,0,0,0,30.0,30.0,1,0,0,0,0,0,0,0,0.0,0.0,0.0,0.0,0.049785048703585355,0.0510459605248225,0.04627438642747462,0.07206912779234391,0.04518448102215762,0.0,0.0,0.034367191213690834,0.04212034162393108,0.1570750564485629,0.6072170409982456,0.2698742404436647,0.0,0.0,0.0,0.07516957474586908,0.03844214832570847,0.040228670716355705,0.0,0.102091921049645,0.0616070806082513,0.04116059481904055,0.13493712022183235,0.13493712022183235,0.0,0.0,0.0,0.04310962369079065,0.04310962369079065,0.0,0.0,0.0,0.0,0.03674969807355713,0.0,0.03932300151949275,0.0,0.0,0.0,0.03758478737293454,0.03758478737293454,0.0,0.0,0.05821983165218585,0.0,0.04116059481904055,0.04116059481904055,0.0,0.0,0.07464243123827953,0.3223596404574575,0.2985697249531181,0.0,0.04116059481904055,0.0,0.0,0.0510459605248225,0.0,0.0,0.034367191213690834,0.13078740555909837,0.0,0.0,0.0,0.04116059481904055,0.0,0.09254877285494924,0.035141906541537114,0.03758478737293454,0.0,0.0,0.0,0.0,0.03932300151949275,0.03932300151949275,0.1393732418649552,0.0,0.2787464837299104,0.2985697249531181,0.0,0.05515569225395931,0.056651270302449375,0.04627438642747462,0.0,0.03758478737293454,0.05515569225395931,0.05235835214952097,0.0,0.0,0.0,0.0,0.0,0.0,0.0,0.0,0.0
2241,341,16,1,0,0,0,0,0,0,0,0,0,0,0,0,0,0,0,0,120000.0,120000.0,0.0,1,0,3,1,0,0,0,0,0,3,0,0,0,75.0,30.0,1,0,0,0,0,0,0,0,0.1696022926960457,0.0,0.0,0.10319933553368583,0.05032507854587051,0.05159966776684292,0.09355267062164849,0.0,0.04567460745158854,0.046776335310824244,0.0,0.0,0.0,0.0,0.20460122117229868,0.0,0.0,0.0,0.0,0.07598495636448203,0.03885913912591914,0.040665040334705214,0.04460900840028005,0.2579983388342146,0.18682604022653554,0.04160707323188358,0.0,0.0,0.046776335310824244,0.0,0.0,0.0435772436668465,0.0435772436668465,0.0,0.0,0.0,0.05292629520451251,0.03714833047769217,0.0,0.03974954713633416,0.0,0.0,0.11453155925059036,0.0,0.0,0.03799247818224102,0.03799247818224102,0.05885135551976688,0.0,0.0,0.0,0.0,0.0,0.0,0.16292817470792006,0.0,0.12826574567545584,0.08321414646376717,0.0,0.0,0.05159966776684292,0.0,0.09583345617525836,0.0,0.0,0.0,0.0,0.0,0.0,0.05430939156930669,0.046776335310824244,0.035523098862151624,0.03799247818224102,0.0,0.0,0.0,0.0,0.03974954713633416,0.03974954713633416,0.7748678046282088,0.0,0.0,0.0,0.0,0.0,0.0,0.23388167655412123,0.0,0.03799247818224102,0.055753978698678396,0.05292629520451251,0.05885135551976688,0.0,0.0,0.12826574567545584,0.0,0.0,0.0,0.0,0.0
2624,396,49,1,0,0,0,0,0,0,0,0,0,0,1,0,0,0,0,0,0.0,0.0,0.0,0,0,4,1,1,0,0,0,3,0,0,0,0,30.0,30.0,1,0,0,0,0,0,0,0,0.0,0.07191337068834451,0.07191337068834451,0.0,0.05811362309024437,0.0,0.0,0.0,0.05274342333747409,0.054015659753385244,0.059585473700769775,0.040116501818726856,0.04916668199200099,0.0,0.0,0.0,0.17434086927073308,0.0,0.08134454276452456,0.0,0.0,0.0,0.36059035034954734,0.0,0.0,0.0,0.0,0.0,0.0,0.059585473700769775,0.06111741620581,0.0503214617232755,0.0503214617232755,0.19314817567089781,0.19838549859867882,0.05811362309024437,0.06111741620581,0.0,0.059585473700769775,0.0,0.15823027001242226,0.18335224861743,0.06612849953289295,0.04387237181030207,0.04387237181030207,0.04387237181030207,0.04387237181030207,0.0,0.13591893313821138,0.0480463784965972,0.0480463784965972,0.0,0.0,0.0,0.0,0.0,0.0740583762107633,0.0,0.0,0.0,0.0,0.0,0.05533254505035846,0.040116501818726856,0.0,0.07191337068834451,0.6300433684131216,0.06795946656910569,0.0480463784965972,0.0,0.054015659753385244,0.04102081979645441,0.0,0.059585473700769775,0.059585473700769775,0.0,0.0763334594374416,0.0,0.0,0.0,0.0,0.0,0.0,0.059585473700769775,0.0,0.0,0.10803131950677049,0.0787554210516402,0.04387237181030207,0.1287654504472652,0.06111741620581,0.0,0.059585473700769775,0.059585473700769775,0.0740583762107633,0.059585473700769775,0.059585473700769775,0.2632342308618124,0.19838549859867882,0.06111741620581
2199,309,41,1,0,1,0,0,0,0,0,0,0,0,0,1,0,0,0,0,60000.0,144000.0,84000.0,1,0,10,1,3,3,1,0,1,1,1,0,0,75.0,30.0,1,0,0,0,0,0,0,0,0.0,0.0,0.0,0.0,0.0,0.04663360825347309,0.0,0.0,0.0,0.0,0.0,0.03139653197537776,0.03847950926180929,0.0,0.0,0.0,0.04548168815422934,0.0,0.0,0.0,0.0,0.0,0.1612629780264828,0.0,0.0,0.0376027218321747,0.0,0.0,0.04227448336052615,0.0,0.0,0.0,0.0,0.0,0.0,0.0,0.0,0.033573097768672795,0.0,0.0,0.12383636425643192,0.1434976749091142,0.0,0.034336002939688165,0.034336002939688165,0.0,0.0,0.0,0.31912427082620304,0.0376027218321747,0.0376027218321747,0.4412714891953327,0.4412714891953327,0.0,0.0,0.0,0.0,0.0376027218321747,0.047832558303038064,0.0,0.0,0.0,0.0433051223609343,0.03139653197537776,0.0,0.11256367529133961,0.4930932625093247,0.0,0.0376027218321747,0.0,0.0,0.03210428182933881,0.034336002939688165,0.0,0.0,0.0,0.0,0.0,0.0,0.06366299208912257,0.054693872667876446,0.0,0.0,0.0,0.0,0.0,0.0845489667210523,0.308183289068328,0.13734401175875266,0.0,0.047832558303038064,0.053187378471033844,0.0,0.0,0.17388177468108895,0.0,0.0,0.034336002939688165,0.0,0.0
3615,514,47,1,0,3,0,0,0,0,0,0,0,0,0,0,0,0,0,0,72000.0,396000.0,324000.0,1,0,6,1,0,0,0,0,0,5,0,0,0,75.0,30.0,1,0,0,0,0,0,0,0,0.30908651751159644,0.0,0.11349180335588635,0.0,0.0,0.09403623831543109,0.2983613619646585,0.0663824287621207,0.0,0.04262305170923693,0.047018119157715546,0.03165540769510144,0.038796786681575796,0.048226954982474965,0.0,0.0,0.0,0.0,0.0,0.0,0.0,0.0,0.16259264939063625,0.0,0.0,0.07582553964727563,0.18643462280342202,0.12428974853561467,0.04262305170923693,0.0,0.0,0.0,0.0,0.0,0.0,0.0,0.0,0.03384992005767702,0.047018119157715546,0.0,0.08323829313570279,0.0,0.052181135395057365,0.06923823131347312,0.06923823131347312,0.06923823131347312,0.06923823131347312,0.053625927572339124,0.0,0.03791276982363782,0.03791276982363782,0.0,0.0,0.4812687787770164,0.34641072090016106,0.20625804804729272,0.11687699504718752,0.07582553964727563,0.09645390996494993,0.0,0.09403623831543109,0.0,0.0,0.03165540769510144,0.1807012079608881,0.056745901677943175,0.0,0.053625927572339124,0.03791276982363782,0.049487245842880154,0.21311525854618465,0.03236899320164259,0.03461911565673656,0.047018119157715546,0.047018119157715546,0.15454325875579822,0.0,0.0,0.0,0.0,0.0,0.19256374919863534,0.20625804804729272,0.047018119157715546,0.05080356768606353,0.0,0.04262305170923693,0.0,0.06923823131347312,0.0,0.048226954982474965,0.0,0.047018119157715546,0.047018119157715546,0.0,0.047018119157715546,0.047018119157715546,0.06923823131347312,0.0,0.0
2214,294,48,1,0,3,0,0,0,0,0,0,0,0,0,0,0,0,0,0,12000.0,13200.0,1200.0,1,0,1,1,0,0,0,0,0,0,0,0,0,75.0,30.0,1,0,0,0,0,0,0,0,0.0,0.0,0.2550303354417026,0.07043707913148434,0.0686971775836015,0.0,0.19155870033837008,0.0,0.0,0.19155870033837008,0.07043707913148434,0.0474224511040095,0.05812083474396142,0.07224801640781262,0.0,0.0,0.0,0.0,0.0,0.10372466753916995,0.053045385291270335,0.05551056407733698,0.12178870099960815,0.0,0.0,0.0,0.18619644957445672,0.18619644957445672,0.06385290011279003,0.07043707913148434,0.07224801640781262,0.0,0.0,0.22832399390083408,0.23451512919924292,0.0686971775836015,0.0,0.05071001436061824,0.07043707913148434,0.05426085318482937,0.24939586463262742,0.21674404922343785,0.0,0.051862333769584976,0.051862333769584976,0.051862333769584976,0.051862333769584976,0.1606722587622802,0.3213445175245604,0.05679650347568427,0.05679650347568427,0.0,0.0,0.3089918251106524,0.07413603763565621,0.0,0.08754576210475576,0.0,0.0,0.0,0.0,0.0,0.1308192286539855,0.0474224511040095,0.18047035926159175,0.08501011181390086,0.0,0.0,0.05679650347568427,0.07413603763565621,0.06385290011279003,0.04849146193837997,0.051862333769584976,0.07043707913148434,0.07043707913148434,0.0,0.0,0.05426085318482937,0.05426085318482937,0.0,0.0,0.0,0.0,0.07043707913148434,0.07610799796694469,0.0,0.0,0.0,0.051862333769584976,0.0,0.07224801640781262,0.0,0.07043707913148434,0.07043707913148434,0.0,0.07043707913148434,0.07043707913148434,0.2074493350783399,0.23451512919924292,0.07224801640781262
1731,248,36,1,0,0,0,0,0,0,0,0,0,0,0,0,0,0,0,0,0.0,0.0,0.0,0,0,7,1,0,0,1,0,4,1,0,0,0,30.0,30.0,1,0,0,0,0,0,0,0,0.0,0.25840342042401915,0.17226894694934608,0.28547477915878694,0.06960578093713371,0.0,0.12939486406243522,0.0,0.0631736067290395,0.0,0.0,0.04804967043996234,0.0588895531573808,0.07320358390422545,0.09432956153533027,0.0,0.34802890468566855,0.32481171959854416,0.0,0.10509655185938693,0.0537469747402168,0.056244758500619565,0.0,0.0,0.0,0.0,0.18865912307066054,0.18865912307066054,0.0,0.07136869478969673,0.07320358390422545,0.060272694333777854,0.060272694333777854,0.23134385517967196,0.23761687573875925,0.06960578093713371,0.07320358390422545,0.05138071570129055,0.0,0.05497851866838228,0.1895208201871185,0.21961075171267633,0.0,0.052548275929693467,0.052548275929693467,0.052548275929693467,0.052548275929693467,0.16279734392976533,0.0,0.057547706004552494,0.057547706004552494,0.0,0.0,0.0,0.0,0.0,0.0,0.0,0.0,0.0,0.0,0.0,0.0,0.04804967043996234,0.18285729828013722,0.08613447347467304,0.0,0.0,0.057547706004552494,0.0,0.06469743203121761,0.049132820236998186,0.052548275929693467,0.0,0.0,0.0,0.0,0.05497851866838228,0.05497851866838228,0.0,0.0,0.0,0.0,0.0,0.0,0.07920562524625309,0.06469743203121761,0.0,0.0,0.07711461839322398,0.07320358390422545,0.0,0.0,0.0,0.0,0.0,0.0,0.21019310371877387,0.23761687573875925,0.07320358390422545
2896,429,54,1,0,1,0,0,0,0,1,0,0,0,0,0,0,0,0,0,240000.0,240000.0,0.0,1,0,6,1,0,0,0,0,0,5,0,0,0,75.0,30.0,1,0,0,0,0,0,0,0,0.0,0.0,0.04120759654681866,0.06828699967224186,0.033300104156636395,0.03414349983612093,0.061903801560743384,0.0,0.030222887462858897,0.12380760312148677,0.03414349983612093,0.0229874445599272,0.0,0.03502132920326603,0.045128208920080695,0.045128208920080695,0.033300104156636395,0.0,0.0,0.05027924514749418,0.025713092114716903,0.026908056933189234,0.0,0.06828699967224186,0.08241519309363732,0.02753140009531514,0.0,0.0,0.030951900780371692,0.0,0.0,0.028835061859713407,0.028835061859713407,0.0,0.0,0.0,0.0,0.024581050042967227,0.03414349983612093,0.026302275089596865,0.0,0.0,0.0,0.0,0.0,0.02513962257374709,0.02513962257374709,0.07788388315305612,0.03894194157652806,0.0,0.0,0.0,0.0,0.1497799519814635,0.7546670052418053,0.1497799519814635,0.0,0.02753140009531514,0.03502132920326603,0.0,0.03414349983612093,0.0,0.0,0.0229874445599272,0.0,0.08241519309363732,0.0,0.0,0.0,0.03593652405913359,0.09285570234111508,0.023505634293206824,0.02513962257374709,0.03414349983612093,0.03414349983612093,0.44890334403232357,0.043740383316935194,0.026302275089596865,0.026302275089596865,0.0,0.08008988806193776,0.1864472805232726,0.1497799519814635,0.03414349983612093,0.03689240735353455,0.037892766017148985,0.0,0.0,0.02513962257374709,0.03689240735353455,0.0,0.0,0.03414349983612093,0.03414349983612093,0.0,0.03414349983612093,0.03414349983612093,0.12569811286873545,0.0,0.0
2909,414,54,1,0,1,0,0,0,0,0,0,0,0,0,0,0,0,0,0,0.0,0.0,0.0,0,0,5,1,0,0,0,0,1,3,0,0,0,30.0,30.0,1,0,0,0,0,0,0,0,0.0,0.0,0.05836943400193113,0.0,0.047168687201153456,0.0,0.08768504262468102,0.13656333514653007,0.04280989387737847,0.04384252131234051,0.048363334124937395,0.03256108680323676,0.03990678467934991,0.14882026627789988,0.0,0.06392287424949006,0.0,0.0,0.0,0.07121917624992254,0.0364218920526054,0.038114527050795675,0.08362225849954864,0.0,0.0,0.0,0.12784574849898012,0.12784574849898012,0.0,0.048363334124937395,0.049606755425966625,0.04084407685000212,0.04084407685000212,0.156771259426491,0.161022201526045,0.047168687201153456,0.049606755425966625,0.03481838540500638,0.048363334124937395,0.037256453629819546,0.12842968163213542,0.14882026627789988,0.05367406717534833,0.0,0.0,0.03560958812496127,0.03560958812496127,0.05516019567352554,0.05516019567352554,0.03899747559939459,0.03899747559939459,0.0,0.0,0.0,0.30541862352178584,0.1414394715961564,0.060110455971506174,0.0,0.0,0.29348026739043426,0.048363334124937395,0.08713734934360698,0.0,0.03256108680323676,0.1239141144442274,0.1751083020057934,0.0,0.05516019567352554,0.03899747559939459,0.0,0.04384252131234051,0.03329508839449138,0.03560958812496127,0.048363334124937395,0.048363334124937395,0.07948241437404271,0.0,0.037256453629819546,0.037256453629819546,0.0,0.0,0.5942193207434587,0.1414394715961564,0.048363334124937395,0.0,0.05367406717534833,0.04384252131234051,0.0,0.03560958812496127,0.0,0.0,0.0,0.048363334124937395,0.048363334124937395,0.0,0.048363334124937395,0.048363334124937395,0.2492671168747289,0.161022201526045,0.049606755425966625
2631,382,33,1,0,2,0,0,0,0,0,0,0,0,0,0,0,0,0,0,60000.0,120000.0,60000.0,1,0,10,1,1,4,0,0,0,1,0,0,0,30.0,30.0,1,0,0,0,0,0,0,0,0.0,0.0,0.0,0.0,0.0,0.11955486507896826,0.3251380502434774,0.0,0.10582668004925432,0.10837935008115913,0.11955486507896826,0.08049147996143419,0.09865015190536747,0.12262862061238201,0.0,0.0,0.11660168051520287,0.0,0.0,0.17605483909771227,0.09003544666753517,0.09421966499114813,0.10335771936944686,0.0,0.0,0.09640232663988223,0.0,0.0,0.0,0.11955486507896826,0.12262862061238201,0.10096715177788283,0.10096715177788283,0.0,0.0,0.11660168051520287,0.12262862061238201,0.08607155492236122,0.11955486507896826,0.09209849501954037,0.21165336009850863,0.0,0.0,0.08802741954885614,0.08802741954885614,0.08802741954885614,0.08802741954885614,0.0,0.0,0.09640232663988223,0.09640232663988223,0.0,0.0,0.0,0.0,0.0,0.0,0.09640232663988223,0.0,0.0,0.11955486507896826,0.0,0.11102160555427583,0.08049147996143419,0.0,0.0,0.0,0.0,0.09640232663988223,0.1258332129371108,0.0,0.08230594256617314,0.08802741954885614,0.11955486507896826,0.11955486507896826,0.0,0.15315874620522366,0.09209849501954037,0.09209849501954037,0.0,0.14021901397619696,0.0,0.0,0.11955486507896826,0.0,0.0,0.0,0.15801827447659517,0.08802741954885614,0.12918027749820915,0.0,0.40907041692628787,0.11955486507896826,0.11955486507896826,0.14859392106722305,0.11955486507896826,0.11955486507896826,0.17605483909771227,0.0,0.12262862061238201
2958,411,35,1,0,0,0,0,0,0,0,0,0,0,1,1,0,0,0,0,180000.0,180000.0,0.0,1,0,12,1,2,2,1,1,2,0,0,0,0,75.0,30.0,1,0,0,0,0,0,0,0,0.0,0.2890443941431826,0.0,0.0,0.0,0.07983145545220546,0.0,0.0,0.07066460982935814,0.07236912736447967,0.07983145545220546,0.05374730666609837,0.0,0.0,0.0,0.0,0.23357849613781798,0.0,0.1089838317741237,0.1175586960454584,0.06012018620079717,0.0629141522889457,0.552127906399023,0.0,0.0,0.06437160076720763,0.0,0.0,0.0,0.0,0.0,0.06741971289891134,0.06741971289891134,0.0,0.0,0.0,0.0,0.11494668155826142,0.07983145545220546,0.06149776420651082,0.0,0.0,0.0,0.0587793480227292,0.0587793480227292,0.0587793480227292,0.0587793480227292,0.0,0.0,0.0,0.0,0.0,0.0,0.0,0.0,0.0,0.0,0.06437160076720763,0.0,0.0,0.07983145545220546,0.0,0.07413346459957366,0.05374730666609837,0.0,0.09634813138106087,0.0,0.18210153552566685,0.0,0.08402375366624885,0.0,0.05495889425397473,0.0587793480227292,0.07983145545220546,0.07983145545220546,0.0,0.10227008007346139,0.06149776420651082,0.06149776420651082,0.0,0.28088914559183775,0.0,0.0,0.07983145545220546,0.25877615841706125,0.0,0.0,0.2110299540078164,0.0587793480227292,0.17251743894470747,0.0,0.18210153552566685,0.07983145545220546,0.07983145545220546,0.19844393588351536,0.07983145545220546,0.07983145545220546,0.1175586960454584,0.0,0.0
2516,349,33,1,0,0,0,0,0,0,0,0,0,0,0,0,0,0,0,0,72000.0,84000.0,12000.0,1,0,13,1,2,2,2,0,0,4,0,0,0,75.0,30.0,1,0,0,0,0,0,0,0,0.0,0.0,0.0,0.0,0.0,0.09666039150645675,0.0,0.0,0.08556112140340626,0.0,0.0,0.0,0.0,0.0,0.0,0.0,0.09427273479390191,0.0,0.0,0.1423407542850784,0.07279387182273386,0.07617682224505062,0.2506948825428286,0.386641566025827,0.2333177579553095,0.07794150935630631,0.0,0.0,0.17524992233717276,0.0,0.0,0.08163218128928208,0.08163218128928208,0.0,0.0,0.0,0.0,0.1391781119215785,0.0,0.07446185130035576,0.0,0.0,0.0,0.0711703771425392,0.0711703771425392,0.0,0.0,0.0,0.0,0.0,0.0,0.0,0.0,0.0,0.30520935184818754,0.0,0.0,0.07794150935630631,0.09914553013346843,0.0,0.09666039150645675,0.0,0.0,0.0,0.0,0.0,0.3832744472421158,0.0,0.0,0.0,0.0,0.06654454945433909,0.0711703771425392,0.0,0.0,0.0,0.0,0.07446185130035576,0.07446185130035576,0.1319582586524118,0.34010221445951455,0.0,0.0,0.0,0.0,0.0,0.0,0.0,0.0711703771425392,0.0,0.0,0.33073440070955673,0.0,0.0,0.2402770740672106,0.0,0.0,0.0,0.0,0.0
2869,410,37,1,0,2,0,0,0,0,0,0,0,0,0,0,0,0,0,0,60000.0,120000.0,60000.0,1,0,11,1,1,3,1,1,1,0,1,0,0,75.0,30.0,1,0,0,0,0,0,0,0,0.0,0.11501128007817434,0.0,0.0,0.18588260062388734,0.09529523562578102,0.17277482929918753,0.0,0.08435272294545806,0.0,0.0,0.0641584476192267,0.0,0.0,0.0,0.0,0.0,0.0,0.0,0.14033044463555544,0.07176578802701157,0.07510096029954966,0.2471542638072238,0.0,0.0,0.0768407243482154,0.0,0.0,0.08638741464959376,0.09529523562578102,0.09774527609564593,0.08047927211311753,0.08047927211311753,0.0,0.0,0.09294130031194367,0.09774527609564593,0.06860623448143284,0.0,0.07341021026513511,0.16870544589091613,0.0,0.0,0.0,0.0,0.07016522231777772,0.07016522231777772,0.0,0.0,0.0,0.0,0.0,0.0,0.0,0.0,0.0,0.0,0.0768407243482154,0.0,0.0,0.09529523562578102,0.0,0.08849351344973753,0.0641584476192267,0.0,0.0,0.0,0.0,0.0,0.20059920888155516,0.0,0.06560472620720853,0.07016522231777772,0.0,0.0,0.0,0.0,0.07341021026513511,0.07341021026513511,0.0,0.0,0.0,0.0,0.0,0.0,0.31727855229679774,0.0,0.2519075855169946,0.07016522231777772,0.0,0.0,0.4347511551038755,0.0,0.0,0.4737671766450185,0.0,0.0,0.14033044463555544,0.0,0.09774527609564593
2274,340,45,1,0,1,0,0,0,0,0,0,0,0,1,1,0,0,0,0,60000.0,144000.0,84000.0,1,0,13,1,3,4,1,0,2,1,1,0,0,75.0,30.0,1,0,0,0,0,0,0,0,0.0,0.07440308958144148,0.0,0.0,0.06012557975378522,0.061648387428869904,0.0,0.0,0.0,0.0,0.0,0.041505378623513195,0.0508688858505418,0.0,0.0,0.0,0.06012557975378522,0.0,0.08416077906429234,0.0,0.0,0.0,0.4263707193006894,0.0,0.0,0.049709796233005074,0.0,0.0,0.11177148096280685,0.061648387428869904,0.06323336744503538,0.0,0.0,0.0,0.0,0.06012557975378522,0.12646673489007076,0.0,0.0,0.0,0.16370837358257814,0.18970010233510612,0.1368358798242116,0.045391280907950415,0.045391280907950415,0.0,0.0,0.0,0.0,0.049709796233005074,0.049709796233005074,0.0,0.0,0.0,0.0,0.0,0.0,0.049709796233005074,0.06323336744503538,0.0,0.0,0.0,0.05724821777569971,0.041505378623513195,0.0,0.0,0.0,0.0703122970130459,0.049709796233005074,0.0,0.0,0.04244100507048596,0.0,0.0,0.0,0.0,0.0789762065972219,0.0,0.0,0.08416077906429234,0.07230384219654304,0.0,0.0,0.0,0.06661172500272833,0.0684179399121058,0.16765722144421027,0.4888921148967121,0.18156512363180166,0.0,0.06323336744503538,0.0703122970130459,0.0,0.0,0.5363565026511838,0.0,0.0,0.09078256181590083,0.0,0.06323336744503538
3390,464,48,1,0,2,0,0,0,0,1,0,0,0,0,0,0,0,0,0,0.0,0.0,0.0,0,0,7,1,0,0,0,0,1,5,0,0,0,30.0,30.0,1,0,0,0,0,0,0,0,0.0,0.0,0.0,0.0,0.035935659270017385,0.0,0.03340160604215876,0.20808268246579004,0.03261489456347338,0.03340160604215876,0.036845805965811454,0.07442039562173539,0.060806297647563096,0.11337933486741368,0.194799623639614,0.194799623639614,0.0,0.0,0.0,0.054258623741089536,0.02774816897468741,0.029037709942916545,0.03185398160451253,0.22107483579486875,0.17787597803026167,0.0,0.097399811819807,0.097399811819807,0.03340160604215876,0.07369161193162291,0.03779311162247123,0.031117228737377045,0.031117228737377045,0.19906138642558743,0.12267542966102574,0.07187131854003477,0.07558622324494246,0.026526530808681448,0.036845805965811454,0.028383983161135298,0.09784468369042013,0.11337933486741368,0.04089180988700858,0.027129311870544768,0.027129311870544768,0.027129311870544768,0.027129311870544768,0.04202402302480931,0.04202402302480931,0.059420775886948635,0.059420775886948635,0.0,0.0,0.0,0.5429303611209935,0.26939061484450677,0.04579539928990444,0.0,0.0,0.055897288631547595,0.036845805965811454,0.0,0.0684318540038288,0.024806798540578465,0.09440448016761432,0.0,0.0,0.04202402302480931,0.059420775886948635,0.0,0.03340160604215876,0.02536600068615634,0.027129311870544768,0.036845805965811454,0.036845805965811454,0.0,0.0,0.028383983161135298,0.028383983161135298,0.05030093834834452,0.0,0.30180563009006717,0.26939061484450677,0.036845805965811454,0.0,0.04089180988700858,0.0,0.0,0.027129311870544768,0.0,0.03779311162247123,0.0,0.036845805965811454,0.036845805965811454,0.0,0.036845805965811454,0.036845805965811454,0.16277587122326861,0.16356723954803432,0.03779311162247123
2617,388,36,1,0,0,0,0,0,0,0,0,0,0,0,0,0,0,0,0,18120.0,30000.0,11880.0,1,0,5,1,0,0,0,0,0,4,0,0,0,30.0,30.0,1,0,0,0,0,0,0,0,0.08498704171726436,0.0,0.0,0.0,0.050435397798159844,0.0,0.04687887524688459,0.07301057694679956,0.0,0.04687887524688459,0.0,0.0696322693340297,0.04267056557171481,0.10608463333800264,0.0,0.1366998228051571,0.0,0.0,0.0,0.07615152547502455,0.03894432351701892,0.04075418350096875,0.0,0.10342556217578545,0.12482372513724929,0.041698281459302544,0.06834991140257855,0.06834991140257855,0.04687887524688459,0.05171278108789273,0.0,0.0,0.0,0.16762859646219364,0.17217394144696366,0.050435397798159844,0.0,0.03722976454914346,0.0,0.039836683419984927,0.13732419676181648,0.15912695000700394,0.0,0.03807576273751227,0.03807576273751227,0.03807576273751227,0.03807576273751227,0.05898036550295522,0.0,0.08339656291860509,0.08339656291860509,0.0,0.0,0.07561749581764103,0.544284449646184,0.2268524874529231,0.1285469212158845,0.041698281459302544,0.05304231666900132,0.0,0.0,0.09317212621331065,0.09604353583206249,0.03481613466701485,0.0662479499180177,0.062411862568624646,0.0,0.05898036550295522,0.08339656291860509,0.054428444964618405,0.04687887524688459,0.03560097021016951,0.03807576273751227,0.0,0.0,0.0,0.0,0.039836683419984927,0.039836683419984927,0.42358168238802574,0.060650941886151985,0.21179084119401287,0.2268524874529231,0.0,0.0558761988207312,0.05739131381565456,0.0,0.0,0.0,0.0,0.0,0.0,0.0,0.0,0.0,0.0,0.0,0.1523030509500491,0.17217394144696366,0.0
2873,437,23,1,0,0,0,0,0,0,0,0,0,0,0,1,0,0,0,0,96000.0,144000.0,48000.0,1,0,2,1,0,0,0,0,1,0,0,0,0,75.0,30.0,1,0,0,0,0,0,0,0,0.0,0.0,0.19756935549058594,0.0,0.053218990892622664,0.05456687457413421,0.04946617938465771,0.0,0.0,0.1483985381539731,0.05456687457413421,0.03673768096715182,0.04502560780093625,0.05596978889763375,0.0,0.07212222905433513,0.5321899089262266,0.0,0.0,0.04017721201420284,0.0,0.0,0.0,0.0,0.0,0.04399966210441201,0.14424445810867026,0.14424445810867026,0.04946617938465771,0.0,0.0,0.0,0.0,0.0,0.0,0.0,0.05596978889763375,0.0,0.05456687457413421,0.0,0.0,0.0,0.060558812671492546,0.04017721201420284,0.04017721201420284,0.04017721201420284,0.04017721201420284,0.06223556612177356,0.0,0.04399966210441201,0.04399966210441201,0.0,0.0,0.0,0.0,0.0,0.0,0.04399966210441201,0.0,0.579468457939393,0.21826749829653683,0.0,0.0,0.03673768096715182,0.20971277300823876,0.06585645183019531,0.0,0.18670669836532067,0.04399966210441201,0.0,0.04946617938465771,0.03756583257191379,0.0,0.05456687457413421,0.05456687457413421,0.0,0.0,0.0,0.0,0.0,0.06399834371854357,0.07449328144327172,0.0,0.05456687457413421,0.11792015314543085,0.060558812671492546,0.1483985381539731,0.0,0.08035442402840567,0.058960076572715424,0.0,0.06223556612177356,0.05456687457413421,0.05456687457413421,0.0,0.05456687457413421,0.05456687457413421,0.04017721201420284,0.0,0.0
2999,436,29,1,0,2,0,0,0,0,0,0,0,0,0,1,0,0,0,0,120000.0,204000.0,84000.0,1,0,6,1,0,0,0,1,1,2,0,0,0,30.0,30.0,1,0,0,0,0,0,0,0,0.4466214935637174,0.4099813146989172,0.0,0.0,0.0,0.06793988547878957,0.24635653690599738,0.0,0.060138518983713536,0.0,0.0,0.045741191100722015,0.056060286785392446,0.27874647962921917,0.0,0.0,0.0,0.0,0.0,0.10004733473944982,0.051164776369272906,0.05354255759579805,0.11747094712826371,0.06793988547878957,0.0,0.05478290680581131,0.0,0.0,0.0,0.0,0.0,0.05737697687482617,0.05737697687482617,0.0,0.0,0.0,0.0,0.048912200942588635,0.0,0.0523371524886375,0.12027703796742707,0.0,0.0,0.05002366736972491,0.05002366736972491,0.05002366736972491,0.05002366736972491,0.0,0.07748798640238083,0.05478290680581131,0.05478290680581131,0.0,0.0,0.19869146071690147,0.14301541088651828,0.0,0.16888403451391448,0.05478290680581131,0.0,0.0,0.06793988547878957,0.12240887942168113,0.0,0.045741191100722015,0.0,0.0,0.0,0.0,0.05478290680581131,0.07150770544325914,0.43112393958549544,0.046772302477829805,0.05002366736972491,0.0,0.0,0.11165537339092935,0.0,0.0523371524886375,0.0523371524886375,0.0,0.07968277782087083,0.0,0.0,0.0,0.1468195084081195,0.07540030155186793,0.0,0.08979762943485947,0.05002366736972491,0.1468195084081195,0.0,0.0,0.0,0.0,0.0,0.0,0.0,0.0,0.0,0.0
2768,404,71,1,0,1,0,0,0,0,0,0,0,0,0,0,0,0,0,0,120000.0,144000.0,24000.0,1,0,5,1,0,0,0,0,1,3,0,0,0,60.0,30.0,1,0,0,0,0,0,0,0,0.45453988728994066,0.4172500949008658,0.08345001898017315,0.13828885681971678,0.06743645727446797,0.06914442840985839,0.06268108125791345,0.0,0.06120474727385976,0.06268108125791345,0.06914442840985839,0.04655216138733287,0.0,0.0,0.2741691003485153,0.09138970011617178,0.0,0.0,0.0,0.10182112798304166,0.05207190432895375,0.0544918425233315,0.0,0.06914442840985839,0.08345001898017315,0.05575418255453101,0.0,0.0,0.06268108125791345,0.06914442840985839,0.07092213163665013,0.05839424429312713,0.05839424429312713,0.0,0.0,0.06743645727446797,0.0,0.04977939177567896,0.06914442840985839,0.05326506613786113,0.0,0.0,0.07673711422964488,0.05091056399152083,0.05091056399152083,0.05091056399152083,0.05091056399152083,0.0,0.0,0.0,0.0,0.0,0.0,0.20221416895792432,0.07277550418182957,0.0,0.17187827079368606,0.05575418255453101,0.0,0.0,0.06914442840985839,0.0,0.0,0.04655216138733287,0.0,0.0,0.0,0.07886181277264877,0.0,0.14555100836365914,0.31340540628956726,0.04760155389505616,0.05091056399152083,0.06914442840985839,0.06914442840985839,0.0,0.0,0.05326506613786113,0.05326506613786113,0.09439417972843389,0.16219103366766568,0.0,0.0,0.06914442840985839,0.0,0.0,0.1253621625158269,0.0,0.05091056399152083,0.2241338261778158,0.0,0.15772362554529754,0.06914442840985839,0.06914442840985839,0.0,0.06914442840985839,0.06914442840985839,0.10182112798304166,0.0,0.07092213163665013
2673,385,42,1,0,0,0,0,0,0,1,0,0,0,0,0,0,0,0,0,18000.0,18000.0,0.0,1,0,3,1,0,0,0,0,1,1,0,0,0,75.0,30.0,1,0,0,0,0,0,0,0,0.3958870260294703,0.0,0.14536361168713094,0.0,0.0,0.0,0.1091856954312933,0.17004910155787142,0.0533070167320163,0.05459284771564665,0.06022217828426924,0.04054516939482466,0.04969205587653157,0.30885245231948427,0.0,0.07959696739581841,0.058734600115133595,0.0,0.0,0.08868234597519452,0.04535265643547586,0.0474603309470776,0.0,0.12044435656853848,0.07268180584356547,0.0,0.15919393479163682,0.15919393479163682,0.05459284771564665,0.06022217828426924,0.061770490463896856,0.05085917508422825,0.05085917508422825,0.19521207348199524,0.20050536017588025,0.058734600115133595,0.0,0.0433559648310001,0.06022217828426924,0.04639185517976336,0.1599210501960489,0.18531147139169057,0.0,0.04434117298759726,0.04434117298759726,0.04434117298759726,0.04434117298759726,0.0686856520161498,0.0,0.048559781302840874,0.048559781302840874,0.0,0.0,0.0,0.12676941550769552,0.0,0.0,0.0,0.0,0.2740819254734015,0.06022217828426924,0.0,0.055923804678958154,0.04054516939482466,0.15429825149606072,0.0,0.0,0.0,0.048559781302840874,0.06338470775384776,0.0,0.0414591505230753,0.04434117298759726,0.06022217828426924,0.06022217828426924,0.0,0.0,0.04639185517976336,0.04639185517976336,0.0,0.0,0.16442751068552053,0.0,0.06022217828426924,0.0,0.1336702401172535,0.1091856954312933,0.0,0.08868234597519452,0.0,0.0,0.0,0.06022217828426924,0.06022217828426924,0.0,0.06022217828426924,0.06022217828426924,0.3547293839007781,0.20050536017588025,0.061770490463896856
2271,325,39,1,0,1,0,0,0,0,0,0,0,0,0,1,0,0,0,0,60000.0,144000.0,84000.0,1,0,12,1,2,2,1,0,5,1,1,0,0,75.0,30.0,1,0,0,0,0,0,0,0,0.0,0.0,0.056514978534767245,0.09365356497546933,0.045670090695039856,0.04682678248773466,0.0,0.0,0.0,0.0,0.0,0.03152658841428437,0.0386389061005872,0.0,0.0,0.0,0.5937111790355181,0.14207805245635413,0.19178012562562274,0.06895647158228421,0.035264732008203174,0.03690359029466103,0.08096549546761742,0.0,0.0,0.037758486682207305,0.0,0.0,0.04244960043290849,0.0,0.0,0.0,0.0,0.0,0.0,0.0,0.04803069904678532,0.033712170375235884,0.0,0.03607277872698134,0.12434934182207401,0.14409209714035595,0.05196878822207026,0.034478235791142106,0.034478235791142106,0.034478235791142106,0.034478235791142106,0.0,0.37385390649013384,0.037758486682207305,0.037758486682207305,0.2953996029397915,0.2953996029397915,0.0,0.0,0.0,0.0,0.037758486682207305,0.04803069904678532,0.0,0.0,0.0,0.0,0.03152658841428437,0.0,0.056514978534767245,0.0,0.0,0.037758486682207305,0.0,0.04244960043290849,0.03223727003872616,0.034478235791142106,0.0,0.0,0.0,0.1799658580997679,0.03607277872698134,0.03607277872698134,0.06392670854187424,0.054920435598928,0.0,0.0,0.0,0.0,0.0,0.04244960043290849,0.30945990207571955,0.13791294316456842,0.0,0.04803069904678532,0.0,0.0,0.0,0.1164013729799864,0.0,0.0,0.034478235791142106,0.0,0.0
2024,287,47,1,0,2,0,0,0,0,0,0,0,0,0,0,0,0,0,0,120000.0,300000.0,180000.0,1,0,7,1,1,0,0,0,6,0,0,0,0,75.0,30.0,1,0,0,0,0,0,0,0,0.0,0.0,0.0,0.0,0.0549543007370111,0.0,0.05107912143054644,0.0,0.0,0.10215824286109287,0.0,0.03793558529365301,0.046493756278688916,0.0,0.0,0.07447391614907437,0.16486290221103328,0.0,0.23076684409030257,0.08297453802752294,0.042433650967095095,0.04440567050479943,0.0487124299463215,0.0,0.0,0.04543435760537716,0.0,0.0,0.05107912143054644,0.056346134816348425,0.057794793919964414,0.0,0.0,0.1826477574137933,0.18760035551257603,0.0549543007370111,0.0,0.04056547121110227,0.0,0.043405964394055585,0.14962814881560602,0.17338438175989324,0.06253345183752534,0.04148726901376147,0.04148726901376147,0.04148726901376147,0.04148726901376147,0.0,0.3213243956555542,0.04543435760537716,0.04543435760537716,0.4443137283749159,0.4443137283749159,0.0,0.0,0.0,0.0,0.04543435760537716,0.057794793919964414,0.0,0.0,0.0,0.0,0.03793558529365301,0.0,0.06800383093792793,0.22342174844722307,0.0,0.04543435760537716,0.0,0.0,0.038790740409911255,0.04148726901376147,0.0,0.0,0.0,0.21655087033761974,0.043405964394055585,0.043405964394055585,0.0,0.0,0.0,0.0,0.0,0.06088258580459776,0.0,0.05107912143054644,0.0,0.04148726901376147,0.06088258580459776,0.0,0.0,0.0,0.0,0.0,0.0,0.0,0.2489236140825688,0.18760035551257603,0.057794793919964414
2262,346,35,1,0,0,0,0,0,0,0,0,0,0,0,0,0,0,0,0,90000.0,180000.0,90000.0,1,0,6,1,2,0,0,0,4,0,0,0,0,75.0,30.0,1,0,0,0,0,0,0,0,0.0,0.041583684951406116,0.0,0.06891023302999469,0.03360402343595269,0.0,0.0,0.0,0.03049872198077403,0.031234388767027593,0.034455116514997344,0.023197243530858766,0.02843048232187388,0.0,0.0,0.0,0.20162414061571612,0.10454093985402085,0.14111169340798596,0.0,0.0,0.0,0.05957435962554009,0.034455116514997344,0.0,0.027782670278620834,0.0,0.0,0.031234388767027593,0.034455116514997344,0.03534095754683186,0.0290982301422576,0.0290982301422576,0.11168733726646511,0.1147158031071425,0.03360402343595269,0.03534095754683186,0.0,0.034455116514997344,0.0,0.09149616594232209,0.10602287264049558,0.07647720207142833,0.02536906377726279,0.02536906377726279,0.02536906377726279,0.02536906377726279,0.0,0.3929735208105518,0.027782670278620834,0.027782670278620834,0.5433870958591058,0.5433870958591058,0.0,0.0,0.0,0.0,0.027782670278620834,0.03534095754683186,0.0,0.0,0.0,0.03199587363113991,0.023197243530858766,0.0,0.041583684951406116,0.09108015897125887,0.03929735208105518,0.027782670278620834,0.0,0.031234388767027593,0.0,0.0,0.034455116514997344,0.034455116514997344,0.0,0.13241876294133903,0.0,0.0,0.0,0.0,0.0,0.0,0.034455116514997344,0.037229112422155035,0.0,0.15617194383513797,0.0,0.0,0.0,0.03534095754683186,0.0,0.034455116514997344,0.034455116514997344,0.042824027783476236,0.034455116514997344,0.034455116514997344,0.12684531888631395,0.1147158031071425,0.03534095754683186
2392,354,35,1,0,1,0,0,0,0,0,0,0,0,0,0,0,0,0,0,120000.0,300000.0,180000.0,1,0,9,1,1,1,0,0,7,0,0,0,0,75.0,30.0,1,0,0,0,0,0,0,0,0.0,0.0,0.03654700543874972,0.09084558033790487,0.029533852728847874,0.0,0.02745123183475785,0.0,0.02680467013466476,0.02745123183475785,0.030281860112634954,0.020387557920299938,0.024986938826080825,0.0,0.0,0.0,0.20673696910193512,0.1378181720264205,0.12402002930907784,0.04459264795445986,0.022804933946971032,0.023864747898270127,0.026179311042166586,0.030281860112634954,0.0,0.024417590768165236,0.0,0.0,0.02745123183475785,0.030281860112634954,0.031060406724032097,0.025573808009314473,0.025573808009314473,0.09815959618025508,0.10082124960706523,0.029533852728847874,0.031060406724032097,0.02180092616151035,0.030281860112634954,0.023327480156694568,0.08041401040399428,0.09318122017209628,0.06721416640471016,0.02229632397722993,0.02229632397722993,0.02229632397722993,0.02229632397722993,0.0,0.483526353828032,0.024417590768165236,0.024417590768165236,0.5253283418246318,0.5253283418246318,0.0,0.0,0.0,0.0,0.024417590768165236,0.031060406724032097,0.0,0.0,0.0,0.028120484487637463,0.020387557920299938,0.0,0.0,0.12007258625015975,0.0,0.024417590768165236,0.0,0.02745123183475785,0.020847140244616223,0.02229632397722993,0.030281860112634954,0.030281860112634954,0.0,0.11637999987410888,0.023327480156694568,0.023327480156694568,0.0,0.07103169851857015,0.0,0.0,0.030281860112634954,0.0,0.0,0.02745123183475785,0.0,0.02229632397722993,0.0,0.031060406724032097,0.0,0.030281860112634954,0.030281860112634954,0.0,0.030281860112634954,0.030281860112634954,0.08918529590891972,0.10082124960706523,0.031060406724032097
2865,409,47,1,0,0,0,0,0,0,0,0,0,0,0,0,0,0,0,0,0.0,0.0,0.0,0,0,11,1,2,0,0,0,6,0,0,0,0,30.0,30.0,1,0,0,0,0,0,0,0,0.0,0.047558247754588716,0.0,0.15762191056885222,0.0,0.0,0.0,0.0,0.03488064556700442,0.03572200975409736,0.039405477642213055,0.026530122483212185,0.03251525023879377,0.040418592456650436,0.0,0.0,0.3074568257210699,0.1793413903993241,0.16138600713257936,0.0,0.0,0.0,0.034066872118275304,0.0,0.0,0.0,0.0,0.0,0.03572200975409736,0.039405477642213055,0.040418592456650436,0.03327893715871215,0.03327893715871215,0.12773408761094532,0.13119767023801535,0.03843210321513374,0.040418592456650436,0.028369324250279083,0.039405477642213055,0.0,0.13952258226801767,0.1212557773699513,0.04373255674600512,0.02901398040676116,0.02901398040676116,0.02901398040676116,0.02901398040676116,0.0,0.584264518914168,0.031774363381666094,0.031774363381666094,0.37287515276791205,0.37287515276791205,0.0,0.0,0.0,0.04897679764445903,0.0,0.0,0.0,0.0,0.0,0.03659290144806684,0.026530122483212185,0.0,0.0,0.10416615965959472,0.04494342453185907,0.06354872676333219,0.0,0.0,0.027128172303739737,0.02901398040676116,0.039405477642213055,0.039405477642213055,0.0,0.1514441142645153,0.0,0.0,0.0,0.0,0.0,0.0,0.039405477642213055,0.0,0.0,0.03572200975409736,0.0,0.02901398040676116,0.042578029203648435,0.0,0.04494342453185907,0.039405477642213055,0.039405477642213055,0.04897679764445903,0.039405477642213055,0.039405477642213055,0.1450699020338058,0.13119767023801535,0.040418592456650436
2453,359,35,1,0,0,0,0,0,0,0,0,0,0,0,0,0,0,0,0,120000.0,240000.0,120000.0,1,0,9,1,2,1,0,0,6,0,0,0,0,75.0,30.0,1,0,0,0,0,0,0,0,0.0,0.0,0.0,0.09676539312520185,0.0,0.0,0.0,0.0,0.028551355316621358,0.02924004921737573,0.03225513104173395,0.021716081835601427,0.02661517433768031,0.0,0.0,0.0,0.2202086663352458,0.14679888164431576,0.13210160413807912,0.04749845940503738,0.02429098246017992,0.0,0.055770491317676155,0.0645102620834679,0.0,0.026008725587566655,0.0,0.0,0.02924004921737573,0.03225513104173395,0.033084410447929834,0.027240285950347012,0.027240285950347012,0.10455601558230414,0.1073911115688159,0.03145838090503512,0.033084410447929834,0.02322155004861405,0.03225513104173395,0.024847579591508767,0.08565406594986406,0.0992532313437895,0.0357970371896053,0.02374922970251869,0.02374922970251869,0.02374922970251869,0.02374922970251869,0.0,0.4782464202495515,0.026008725587566655,0.026008725587566655,0.508691415270463,0.508691415270463,0.0,0.0,0.0,0.0,0.026008725587566655,0.033084410447929834,0.0,0.0,0.0,0.0,0.021716081835601427,0.0,0.03892853494551265,0.12789693201187574,0.0,0.026008725587566655,0.0,0.02924004921737573,0.0,0.0,0.03225513104173395,0.03225513104173395,0.0,0.12396372391305269,0.024847579591508767,0.024847579591508767,0.0,0.11349055516956771,0.0,0.0,0.03225513104173395,0.0,0.0,0.02924004921737573,0.04263231067062524,0.0,0.0,0.033084410447929834,0.0,0.03225513104173395,0.03225513104173395,0.0,0.03225513104173395,0.03225513104173395,0.11874614851259345,0.1073911115688159,0.033084410447929834
2652,405,36,1,0,3,0,0,0,0,1,0,0,0,0,0,0,0,0,0,300000.0,420000.0,120000.0,1,0,6,1,0,0,0,0,0,5,0,0,0,75.0,30.0,1,0,0,0,0,0,0,0,0.30798246837304505,0.0,0.0,0.0,0.0,0.0,0.12741240977465362,0.0,0.0,0.0,0.0,0.031542335388105844,0.03865820555141457,0.048054689532231375,0.1238457887313946,0.1238457887313946,0.045692902098327416,0.0,0.0,0.0689909141213423,0.03528234611869484,0.0,0.08100593630190044,0.14055051491439996,0.16962962030368756,0.03777734637909267,0.1238457887313946,0.0619228943656973,0.0,0.04685017163813331,0.048054689532231375,0.0,0.0,0.1518662959233466,0.15598423714041376,0.045692902098327416,0.0,0.0,0.0,0.0,0.12441145212099561,0.14416406859669412,0.051994745713471256,0.03449545706067115,0.03449545706067115,0.03449545706067115,0.03449545706067115,0.05343437713003282,0.0,0.03777734637909267,0.03777734637909267,0.0,0.0,0.0,0.6410362226567436,0.1370141997151936,0.1746892701133743,0.11333203913727802,0.048054689532231375,0.0,0.0,0.0,0.043506228477806795,0.031542335388105844,0.060018582621932326,0.0,0.0,0.0,0.03777734637909267,0.04931047866590336,0.04247080325821788,0.0,0.0,0.0,0.0,0.07699561709326126,0.0,0.0,0.0,0.2558345552126889,0.0,0.12791727760634444,0.1370141997151936,0.0,0.10124419728223105,0.051994745713471256,0.0,0.0,0.0,0.0,0.0,0.05343437713003282,0.0,0.0,0.0,0.0,0.0,0.17247728530335574,0.15598423714041376,0.048054689532231375
2667,376,53,1,0,2,0,0,0,0,0,0,0,0,0,0,0,0,0,0,12000.0,18000.0,6000.0,1,0,1,1,0,0,0,0,0,1,0,0,0,75.0,30.0,1,0,0,0,0,0,0,0,0.0,0.0,0.31739670329159325,0.0,0.0,0.0,0.0,0.0,0.0,0.0,0.0,0.059019369661849765,0.07233398845803475,0.0,0.0,0.0,0.0,0.0,0.0,0.12909000597881692,0.06601736372703088,0.06908538941255088,0.0,0.17532421519268776,0.2115978021943955,0.0,0.0,0.0,0.15893560235731036,0.08766210759634388,0.08991590034762169,0.0,0.0,0.2841594621321444,0.2918646079923175,0.08549672199861294,0.0,0.06311088974593292,0.0,0.06753006809494166,0.3103843513825711,0.26974770104286505,0.09728820266410584,0.06454500298940846,0.06454500298940846,0.06454500298940846,0.06454500298940846,0.0,0.1999638401966456,0.07068579873233356,0.07068579873233356,0.0,0.0,0.1281847333498778,0.1845312550752427,0.0,0.10895463173458965,0.0,0.0,0.0,0.0,0.0,0.0814052019145298,0.059019369661849765,0.0,0.0,0.0,0.0,0.07068579873233356,0.0,0.07946780117865518,0.06034980164369431,0.06454500298940846,0.0,0.0,0.0,0.0,0.06753006809494166,0.06753006809494166,0.0,0.10281383599166455,0.0,0.0,0.0,0.0,0.0,0.15893560235731036,0.0,0.12909000597881692,0.0,0.08991590034762169,0.0,0.0,0.0,0.0,0.0,0.0,0.25818001195763385,0.2918646079923175,0.08991590034762169
3292,462,50,1,0,3,0,0,0,0,0,0,0,0,0,0,0,0,0,0,60000.0,96000.0,36000.0,1,0,7,1,0,0,0,0,1,4,0,0,0,75.0,30.0,1,0,0,0,0,0,0,0,0.0,0.11596299880849113,0.0,0.04804190201089857,0.0,0.04804190201089857,0.1742045415940125,0.0,0.04252537100608023,0.043551135398503124,0.04804190201089857,0.03234467949476773,0.03964155643576277,0.04927705929240429,0.0,0.0,0.09371038988530336,0.0,0.0,0.07074583976896409,0.036179825082418446,0.03786121049958607,0.08306648872443813,0.04804190201089857,0.057981499404245566,0.03873829080060242,0.12699606081812784,0.06349803040906392,0.043551135398503124,0.0,0.0,0.04057261918056301,0.04057261918056301,0.0,0.0,0.0,0.04927705929240429,0.03458697565150928,0.04804190201089857,0.03700884000126189,0.08505074201216047,0.0,0.0,0.035372919884482046,0.035372919884482046,0.035372919884482046,0.035372919884482046,0.10958718059444526,0.10958718059444526,0.03873829080060242,0.03873829080060242,0.0,0.0,0.0,0.050564792002803054,0.0,0.05971095020358609,0.03873829080060242,0.0,0.0,0.04804190201089857,0.4327910879593873,0.1338386963577304,0.03234467949476773,0.06154527858354669,0.0,0.0,0.10958718059444526,0.03873829080060242,0.050564792002803054,0.1742045415940125,0.03307380276885391,0.035372919884482046,0.04804190201089857,0.04804190201089857,0.7105874292650631,0.0,0.03700884000126189,0.03700884000126189,0.0,0.11269115857493144,0.0,0.0,0.04804190201089857,0.05190977572690517,0.0,0.08710227079700625,0.0,0.07074583976896409,0.10381955145381035,0.04927705929240429,0.05479359029722263,0.04804190201089857,0.04804190201089857,0.0,0.04804190201089857,0.04804190201089857,0.035372919884482046,0.0,0.0
4610,636,47,1,0,2,0,0,0,0,0,0,0,0,0,0,0,0,0,0,60000.0,72000.0,12000.0,1,0,10,1,1,0,0,0,8,0,0,0,0,75.0,30.0,1,0,0,0,0,0,0,0,0.0,0.14348557639764015,0.028697115279528024,0.14266592079406584,0.0,0.0,0.0431100252986443,0.0,0.0,0.0431100252986443,0.0,0.03201707460751767,0.019620022362058856,0.0,0.0,0.0,0.324664336442084,0.18036060331875417,0.032460635605450816,0.03501464329582901,0.017906687854769374,0.0187388655604436,0.08222514516815928,0.02377765346567764,0.0,0.019172963932618952,0.0,0.0,0.06466503794796645,0.02377765346567764,0.024388976926780177,0.0,0.0,0.07707600700959277,0.07916596689293623,0.02319030974586314,0.024388976926780177,0.03423665954278215,0.0,0.01831699695230811,0.06314197562697862,0.07316693078034052,0.026388655630978745,0.017507321647914506,0.017507321647914506,0.017507321647914506,0.017507321647914506,0.0,0.46102818811890395,0.038345927865237904,0.038345927865237904,0.48749250563890306,0.48749250563890306,0.0,0.0,0.0,0.0,0.019172963932618952,0.024388976926780177,0.0,0.0,0.0,0.0441610345564618,0.016008537303758834,0.0,0.1147884611181121,0.12570977414485118,0.02711930518346494,0.038345927865237904,0.025026321845749735,0.02155501264932215,0.016369406457961942,0.017507321647914506,0.0,0.0,0.0,0.03046095690125224,0.01831699695230811,0.01831699695230811,0.0,0.0,0.0,0.0,0.0,0.025692002336530923,0.0,0.0431100252986443,0.12570977414485118,0.017507321647914506,0.07707600700959277,0.024388976926780177,0.02711930518346494,0.0,0.0,0.029553082259838867,0.0,0.0,0.10504392988748702,0.07916596689293623,0.024388976926780177
3210,474,48,1,0,0,0,0,0,0,1,0,0,0,0,0,0,0,0,0,0.0,0.0,0.0,0,0,7,1,0,0,0,0,0,6,0,0,0,30.0,30.0,1,0,0,0,0,0,0,0,0.0,0.0,0.0,0.0,0.025329058770880864,0.0,0.02354294479827528,0.07333298735075616,0.022988435386617587,0.02354294479827528,0.025970570840401327,0.017484940332678348,0.02142949813696371,0.026638274206331858,0.17162935145557404,0.13730348116445923,0.0,0.0,0.0,0.0,0.0,0.0,0.022452109924707257,0.051941141680802654,0.06268746967466213,0.0,0.06865174058222961,0.06865174058222961,0.02354294479827528,0.025970570840401327,0.026638274206331858,0.021932813575332655,0.021932813575332655,0.08418441723138519,0.08646712571152668,0.025329058770880864,0.0,0.0,0.025970570840401327,0.0,0.06896530615985275,0.07991482261899557,0.02882237523717556,0.019121951530632147,0.019121951530632147,0.019121951530632147,0.019121951530632147,0.029620409660115598,0.0,0.020941209306094558,0.020941209306094558,0.0,0.0,0.0,0.5740223765758073,0.41773280021911985,0.06455728842118355,0.0,0.0,0.0,0.0,0.0,0.024116914606176362,0.017484940332678348,0.06654049695965975,0.031343734837331064,0.0,0.0,0.020941209306094558,0.0,0.0,0.0,0.0,0.025970570840401327,0.025970570840401327,0.0,0.0,0.0,0.0,0.07090869902134717,0.0,0.3899978446174094,0.41773280021911985,0.025970570840401327,0.0,0.02882237523717556,0.02354294479827528,0.0,0.019121951530632147,0.0,0.026638274206331858,0.0,0.025970570840401327,0.025970570840401327,0.0,0.15582342504240798,0.025970570840401327,0.07648780612252859,0.08646712571152668,0.026638274206331858
2620,374,48,1,0,3,0,0,0,0,0,0,0,0,1,0,0,0,0,0,30000.0,96000.0,66000.0,1,0,6,1,1,1,2,0,2,0,0,0,0,30.0,30.0,1,0,0,0,0,0,0,0,0.0,0.2608603182540891,0.0,0.0720472678173912,0.14053518438564247,0.0,0.0,0.0,0.06377426091943522,0.19593772422429948,0.0720472678173912,0.04850652635481752,0.0,0.0,0.0,0.0,0.14053518438564247,0.0,0.09835706077407957,0.1060958091052371,0.054258000582658755,0.0567795332527735,0.24914557123164005,0.0720472678173912,0.0,0.05809486917203721,0.0,0.0,0.0,0.0720472678173912,0.07389960304419083,0.06084576667035195,0.06084576667035195,0.23354347086145466,0.2398761352541039,0.07026759219282123,0.0,0.051869243170109644,0.0720472678173912,0.05550125402147924,0.19132278275830564,0.22169880913257248,0.0,0.0,0.0,0.05304790455261855,0.05304790455261855,0.0,0.08217260994214681,0.0,0.0,0.0,0.0,0.1053517884407413,0.0,0.0,0.0,0.05809486917203721,0.07389960304419083,0.21860001803407067,0.0,0.0,0.06690487537752911,0.04850652635481752,0.0,0.0,0.3809057852639428,0.08217260994214681,0.0,0.07583078435841664,0.0,0.049599974732195726,0.05304790455261855,0.0720472678173912,0.0720472678173912,0.0,0.09229795206690242,0.05550125402147924,0.05550125402147924,0.0,0.08450008994916901,0.0,0.0,0.0720472678173912,0.0,0.0,0.19593772422429948,0.0952264463159857,0.0,0.0,0.07389960304419083,0.08217260994214681,0.0720472678173912,0.0720472678173912,0.17909410913717536,0.0720472678173912,0.0720472678173912,0.2121916182104742,0.2398761352541039,0.07389960304419083
2890,413,48,1,0,0,0,0,0,0,0,0,0,0,0,0,0,0,0,0,108000.0,108000.0,0.0,1,0,6,1,0,0,1,0,3,1,0,0,0,30.0,30.0,1,0,0,0,0,0,0,0,0.0,0.0,0.18587512703956208,0.15401110235593704,0.07510339851431228,0.07700555117796852,0.2792295096915412,0.10872011911434572,0.06816319704885807,0.0698073774228853,0.07700555117796852,0.05184473902811532,0.06354077950943643,0.07898536386798757,0.0,0.0,0.37551699257156135,0.11682202105770982,0.0,0.1133973085354001,0.05799202894510905,0.06068709315722578,0.0,0.0,0.0,0.06209295031899636,0.0,0.0,0.1396147548457706,0.0,0.0,0.0650331642161941,0.0650331642161941,0.24961590137302925,0.0,0.0,0.07898536386798757,0.055438877566072305,0.07700555117796852,0.0593208429197476,0.0,0.0,0.0,0.0,0.0,0.05669865426770005,0.05669865426770005,0.17565543599419606,0.0,0.06209295031899636,0.06209295031899636,0.0,0.0,0.0,0.08104944882265194,0.0,0.0,0.06209295031899636,0.07898536386798757,0.23364404211541964,0.07700555117796852,0.0,0.14301851995271056,0.05184473902811532,0.0,0.0,0.0,0.0,0.06209295031899636,0.0,0.0,0.05301343837696612,0.05669865426770005,0.07700555117796852,0.07700555117796852,0.5062171364792579,0.0,0.0593208429197476,0.0593208429197476,0.0,0.0,0.0,0.0,0.07700555117796852,0.0,0.08546145962814874,0.20942213226865586,0.0,0.05669865426770005,0.0832053004576764,0.0,0.0,0.07700555117796852,0.07700555117796852,0.0,0.07700555117796852,0.07700555117796852,0.05669865426770005,0.0,0.0
2661,380,46,1,0,1,0,0,0,0,1,0,0,0,1,1,0,0,0,0,180000.0,180000.0,0.0,1,0,9,1,0,0,0,0,1,3,0,0,0,30.0,30.0,1,0,0,0,0,0,0,0,0.0,0.6423837899704958,0.0,0.04094321784103491,0.07986371784722199,0.04094321784103491,0.03711600809311856,0.057805592616490015,0.03624181091909702,0.03711600809311856,0.04094321784103491,0.0,0.0,0.08399173591073923,0.2705777230598802,0.2705777230598802,0.0,0.0,0.0,0.060292415740545544,0.030833884542372035,0.032266828004814806,0.0,0.2456593070462095,0.19765655076015257,0.03301431068816998,0.0,0.0,0.03711600809311856,0.0,0.0,0.0345775982207011,0.0345775982207011,0.0,0.0,0.0,0.0,0.029476394965400502,0.04094321784103491,0.03154040399715913,0.0,0.0,0.0,0.030146207870272772,0.030146207870272772,0.030146207870272772,0.030146207870272772,0.046697274877307515,0.0,0.03301431068816998,0.03301431068816998,0.0,0.0,0.0,0.3016532745750597,0.1796088049447459,0.0,0.03301431068816998,0.041995867955369616,0.0,0.04094321784103491,0.0,0.0,0.0,0.05245133191358011,0.0,0.0,0.0,0.03301431068816998,0.08618664987858847,0.03711600809311856,0.02818680890880243,0.030146207870272772,0.04094321784103491,0.04094321784103491,0.0,0.0,0.03154040399715913,0.03154040399715913,0.0,0.0,0.16768385620189927,0.1796088049447459,0.04094321784103491,0.044239573511968715,0.0,0.03711600809311856,0.0,0.030146207870272772,0.26543744107181233,0.041995867955369616,0.0,0.04094321784103491,0.04094321784103491,0.0,0.04094321784103491,0.04094321784103491,0.030146207870272772,0.0,0.0
1276,189,28,1,0,0,0,0,0,0,0,0,0,0,0,1,0,0,0,0,120000.0,180000.0,60000.0,1,0,3,1,0,0,1,0,2,0,0,0,0,75.0,30.0,1,0,0,0,0,0,0,0,0.0,0.0,0.0,0.15128396425749877,0.14754702333338512,0.15128396425749877,0.0,0.0,0.0,0.0,0.0,0.10185340571022017,0.12483127344914595,0.0,0.0,0.0,0.29509404666677025,0.0,0.0,0.22277867126382148,0.11393028034921415,0.11922496354673122,0.13078819931331,0.0,0.0,0.1219868896852886,0.0,0.0,0.0,0.15128396425749877,0.15517347491811562,0.0,0.0,0.0,0.0,0.14754702333338512,0.15517347491811562,0.10891439699974614,0.0,0.11654084858447664,0.0,0.0,0.0,0.0,0.0,0.11138933563191074,0.11138933563191074,0.0,0.0,0.1219868896852886,0.1219868896852886,0.0,0.0,0.0,0.0,0.0,0.0,0.1219868896852886,0.15517347491811562,0.4590136214294046,0.30256792851499753,0.0,0.14048603204385915,0.10185340571022017,0.0,0.0,0.0,0.0,0.1219868896852886,0.0,0.0,0.10414941512531661,0.11138933563191074,0.0,0.0,0.0,0.0,0.11654084858447664,0.11654084858447664,0.0,0.0,0.0,0.0,0.0,0.0,0.16789631664213753,0.0,0.0,0.11138933563191074,0.0,0.15517347491811562,0.0,0.0,0.0,0.0,0.0,0.0,0.11138933563191074,0.0,0.15517347491811562
2091,313,39,1,0,0,0,0,0,0,0,0,0,0,1,0,0,0,0,0,144000.0,180000.0,36000.0,1,0,15,1,4,3,3,2,0,0,0,0,0,75.0,30.0,1,0,0,0,0,0,0,0,0.0,0.0,0.0,0.0,0.0,0.0,0.0,0.0,0.07814748232742505,0.0,0.0,0.05943875877866385,0.0728479906866059,0.0,0.0,0.0,0.0,0.0,0.0,0.1300073140406815,0.0664864802903982,0.06957630723523334,0.22897285100697215,0.0,0.0,0.07118808899519982,0.0,0.0,0.0,0.0,0.0,0.07455897421652262,0.07455897421652262,0.3815715828237133,0.29393858541492474,0.0,0.18110967778035592,0.06355935302948788,0.0,0.06800993387085555,0.23444244698227512,0.2716645166705339,0.09797952847164158,0.06500365702034075,0.06500365702034075,0.06500365702034075,0.06500365702034075,0.0,0.0,0.07118808899519982,0.07118808899519982,0.0,0.0,0.0,0.0,0.0,0.0,0.07118808899519982,0.09055483889017796,0.0,0.0,0.0,0.08198366379798626,0.05943875877866385,0.0,0.0,0.1166882520204028,0.10069238734674744,0.07118808899519982,0.09292126314110209,0.0,0.06077864475327456,0.06500365702034075,0.0,0.0,0.0,0.0,0.06800993387085555,0.06800993387085555,0.0,0.0,0.0,0.0,0.0,0.0,0.09797952847164158,0.24009748792601024,0.1166882520204028,0.06500365702034075,0.09539289570592832,0.0,0.2013847746934949,0.0,0.0,0.0,0.0,0.0,0.39002194212204455,0.29393858541492474,0.0
2242,305,35,1,1,1,0,0,1,0,0,0,0,0,0,0,0,0,0,0,228000.0,270000.0,42000.0,1,0,8,1,0,0,0,0,1,6,0,0,0,75.0,30.0,1,0,0,0,0,0,0,0,0.10597665550208553,0.2334779629352021,0.0,0.12896901635047942,0.0,0.06448450817523971,0.05845675189980303,0.0,0.0,0.05845675189980303,0.06448450817523971,0.04341482460108882,0.05320909795539042,0.2645696194186449,0.08523058183866263,0.0,0.0,0.0,0.0,0.09495899396137658,0.04856256993689992,0.050819418794684074,0.0,0.19345352452571912,0.15565197529013472,0.05199668467038566,0.0,0.0,0.05845675189980303,0.0,0.0,0.054458822064255064,0.054458822064255064,0.0,0.0,0.0,0.06614240485466122,0.046424558995407914,0.06448450817523971,0.049675319788049205,0.0,0.0,0.0,0.04747949698068829,0.04747949698068829,0.0,0.0,0.0,0.0,0.05199668467038566,0.05199668467038566,0.0,0.0,0.0,0.6787087119374152,0.18858614542335878,0.16029470505480764,0.05199668467038566,0.06614240485466122,0.0,0.06448450817523971,0.11618324538173713,0.0,0.04341482460108882,0.0,0.0,0.0,0.0,0.05199668467038566,0.06787087119374152,0.1753702556994091,0.04439349434064038,0.04747949698068829,0.06448450817523971,0.06448450817523971,0.10597665550208553,0.0,0.049675319788049205,0.049675319788049205,0.0,0.0,0.17606515504943798,0.18858614542335878,0.06448450817523971,0.06967618302200244,0.0,0.0,0.0,0.04747949698068829,0.0,0.0,0.0,0.06448450817523971,0.06448450817523971,0.0,0.06448450817523971,0.06448450817523971,0.0,0.0,0.0
3657,521,32,1,0,1,0,0,0,0,0,0,0,0,1,1,0,0,0,0,119988.0,120000.0,12.0,1,0,8,1,1,0,0,3,2,0,0,0,0,93.0,30.0,1,0,0,0,0,0,0,0,0.0,0.47859178552528064,0.0,0.09913705190307198,0.2900646538872119,0.09913705190307198,0.0,0.0,0.08775339310401951,0.0,0.0,0.0667449879301946,0.0,0.0,0.0,0.0,0.09668821796240398,0.0,0.13533933116947175,0.14598785009617538,0.07465901737666644,0.07812864672924705,0.08570608634741833,0.0,0.0,0.07993854916202946,0.0,0.0,0.08987011316620362,0.0,0.0,0.08372378455446206,0.08372378455446206,0.0,0.0,0.0,0.0,0.14274417359895986,0.0,0.07636973430496706,0.17550678620803903,0.0,0.0,0.07299392504808769,0.07299392504808769,0.07299392504808769,0.07299392504808769,0.0,0.0,0.0,0.0,0.0,0.0,0.0,0.0,0.0,0.0,0.07993854916202946,0.1016858654678911,0.0,0.09913705190307198,0.0,0.27618335727935595,0.0667449879301946,0.0,0.0,0.3930948155411179,0.0,0.0,0.10434317126146948,0.0,0.06824957307027546,0.07299392504808769,0.0,0.0,0.0,0.2540039932616303,0.07636973430496706,0.07636973430496706,0.0,0.0,0.0,0.0,0.0,0.10711861760484803,0.22004640001309536,0.08987011316620362,0.13103160518037263,0.07299392504808769,0.0,0.1016858654678911,0.0,0.0,0.0,0.12321676123838257,0.0,0.0,0.07299392504808769,0.0,0.0
1523,214,53,1,0,0,0,0,0,0,0,0,0,0,0,0,0,0,0,0,12000.0,13200.0,1200.0,1,0,1,1,0,0,0,0,0,0,0,0,0,30.0,30.0,1,0,0,0,0,0,0,0,0.0,0.0,0.327562404937064,0.09046978273031933,0.08823504334376309,0.0,0.16402605193555708,0.0,0.08008136469229564,0.08201302596777854,0.09046978273031933,0.06090966435320614,0.07465072879549113,0.09279576080816987,0.0,0.0,0.0,0.0,0.0,0.1332245495093056,0.06813179281879421,0.07129808239122984,0.0,0.0,0.0,0.0,0.0,0.0,0.0,0.0,0.0,0.07640405330398507,0.07640405330398507,0.2932606288481672,0.30121255803386654,0.0,0.0,0.06513222918986515,0.09046978273031933,0.06969294665427193,0.24024409407688688,0.2783872824245096,0.0,0.0666122747546528,0.0666122747546528,0.0666122747546528,0.0666122747546528,0.20636835769238712,0.0,0.0729497502259461,0.0729497502259461,0.0,0.0,0.2645805649325052,0.0,0.0,0.11244427188402882,0.0,0.0,0.0,0.0,0.0,0.0,0.06090966435320614,0.0,0.0,0.0,0.0,0.0729497502259461,0.0,0.24603907790333562,0.0622827079137053,0.0666122747546528,0.09046978273031933,0.09046978273031933,0.0,0.0,0.06969294665427193,0.06969294665427193,0.0,0.0,0.0,0.0,0.09046978273031933,0.0,0.0,0.0,0.0,0.0666122747546528,0.0,0.09279576080816987,0.0,0.09046978273031933,0.09046978273031933,0.0,0.09046978273031933,0.09046978273031933,0.1998368242639584,0.30121255803386654,0.0
2891,424,26,1,1,0,0,0,1,0,0,0,0,0,0,1,0,0,0,0,84000.0,120000.0,36000.0,1,0,7,1,1,0,1,0,3,1,0,0,0,75.0,30.0,1,0,0,0,0,0,0,0,0.0,0.0,0.15499868962974722,0.12842772152361323,0.0,0.06421386076180662,0.05821140353401591,0.1813203979199101,0.05684034433126993,0.0,0.0,0.04323260858804264,0.0,0.0658647990963369,0.2546185837362309,0.0,0.6262768204581468,0.19483252517147995,0.0,0.18912088465484847,0.09671749672616606,0.10121225003715865,0.0,0.12842772152361323,0.0,0.051778449801091274,0.0,0.0,0.0,0.0,0.0,0.054230253377800186,0.054230253377800186,0.0,0.0,0.12525536409162935,0.0,0.09245942170042205,0.0,0.09893365580146649,0.0,0.0,0.07126512550218299,0.04728022116371212,0.04728022116371212,0.04728022116371212,0.04728022116371212,0.0,0.0,0.0,0.0,0.0,0.0,0.0,0.0,0.0,0.0,0.051778449801091274,0.0658647990963369,0.2922487877572199,0.06421386076180662,0.0,0.05963057978364629,0.04323260858804264,0.0,0.0,0.2546185837362309,0.07323831552687358,0.0,0.06758601090317191,0.0,0.08841434152131795,0.09456044232742424,0.0,0.0,0.0,0.0,0.09893365580146649,0.09893365580146649,0.0,0.0,0.0,0.0,0.0,0.13876749134319927,0.07126512550218299,0.11642280706803182,0.0,0.09456044232742424,0.06938374567159963,0.0,0.14647663105374717,0.0,0.0,0.0,0.0,0.0,0.0,0.0,0.0
2575,347,40,1,0,0,0,0,0,0,0,0,0,0,0,1,0,0,0,0,150000.0,150000.0,0.0,1,0,14,1,2,3,2,1,3,0,0,0,0,75.0,30.0,1,0,0,0,0,0,0,0,0.0,0.0,0.0,0.0831265758457719,0.0,0.0831265758457719,0.0,0.0,0.07358135982011257,0.07535623296204794,0.0831265758457719,0.055965778636721045,0.0,0.0,0.0,0.0,0.48643934812803796,0.12610798111770966,0.1134822446442602,0.12241104471662079,0.06260170492663152,0.06551099466238038,0.14372937969082736,0.0,0.0,0.06702860073361228,0.0,0.0,0.0,0.0,0.0,0.07020252663621819,0.07020252663621819,0.0,0.0,0.0,0.0,0.059845608404904965,0.0831265758457719,0.06403614379445326,0.0,0.0,0.0,0.061205522358310394,0.061205522358310394,0.061205522358310394,0.061205522358310394,0.0,0.09480897610321394,0.0,0.0,0.13109782582765173,0.13109782582765173,0.0,0.0,0.0,0.0,0.06702860073361228,0.08526376007755461,0.0,0.0831265758457719,0.0,0.0,0.055965778636721045,0.0,0.0,0.32961062863365115,0.09480897610321394,0.0,0.08749191521587034,0.07535623296204794,0.05722737567196109,0.061205522358310394,0.0831265758457719,0.0831265758457719,0.0,0.10649137636065598,0.06403614379445326,0.06403614379445326,0.0,0.19498874416549636,0.0,0.0,0.0831265758457719,0.1796382627865438,0.0,0.0,0.10987020954455037,0.18361656707493118,0.0,0.0,0.47404488051606974,0.0831265758457719,0.0831265758457719,0.0,0.0831265758457719,0.0831265758457719,0.0,0.0,0.0
1687,239,33,1,0,0,0,0,0,0,0,0,0,0,0,1,0,0,0,0,60000.0,120000.0,60000.0,1,0,5,1,0,0,0,0,2,2,0,0,0,30.0,30.0,1,0,0,0,0,0,0,0,0.0,0.559866329149214,0.0,0.05798626199855257,0.05655391431674581,0.05798626199855257,0.0,0.24560333177442265,0.0,0.0,0.0,0.03903981692934086,0.0,0.0,0.1532834160835994,0.0,0.0,0.0,0.0,0.17077953321748773,0.08733762521787719,0.045698233827488804,0.05013035472016058,0.23194504799421028,0.1399665822873035,0.046756864023207646,0.0,0.0,0.0,0.05798626199855257,0.059477088771367745,0.048970886399083736,0.048970886399083736,0.0,0.0,0.05655391431674581,0.059477088771367745,0.04174625374763474,0.0,0.04466942820225668,0.0,0.0,0.0,0.04269488330437193,0.04269488330437193,0.0,0.0,0.0,0.0,0.0,0.0,0.0,0.0,0.16958190342552565,0.36618824246113724,0.16958190342552565,0.0,0.046756864023207646,0.059477088771367745,0.2639058697702381,0.05798626199855257,0.0,0.053847477498451916,0.03903981692934086,0.0,0.0,0.0,0.0,0.0,0.0,0.1051318720469954,0.03991986395976052,0.04269488330437193,0.0,0.0,0.0,0.0,0.04466942820225668,0.04466942820225668,0.0,0.068008746245767,0.15832268087969398,0.16958190342552565,0.0,0.0,0.06435367987073591,0.0,0.0,0.04269488330437193,0.2506190412614039,0.0,0.13227101133903138,0.0,0.0,0.07207072696460272,0.0,0.0,0.04269488330437193,0.0,0.059477088771367745
